query_id,query,epsilon,latency_total,latency_llm,latency_rl,latency_perturb,true_answer,laplace_answer,discrete_laplace_answer,gaussian_answer,discrete_gaussian_answer,a1b1_result,a2b1_result,a3b1_result,a1b2_result,a2b2_result,a3b2_result
0,How many patients have been diagnosed with Major Depressive Disorder?,1.1038400552956573,1.9392731189727783,1.255300521850586,0.0010023117065429688,0.0010068416595458984,"""The result is [DP]125[/DP].""","""The result is 124.6.""","""The result is 131.0.""","""The result is 123.22.""","""The result is 124.0.""","""The result is [DP]236.1342[/DP].""","""The result is [DP]nan[/DP].""","""The result is [DP]168.9207[/DP].""","""The result is [DP]993.7625[/DP].""","""The result is [DP]nan[/DP].""","""The result is [DP]386.5541[/DP]."""
1,What is the average mood score of patients with Major Depressive Disorder?,0.4216476246561033,2.5587050914764404,1.7094802856445312,0.0,0.0,"""The result is [DP]5.42[/DP].""","""The result is 5.29.""","""The result is 5.42.""","""The result is 3.37.""","""The result is 7.42.""","""The result is [DP]22.9169[/DP].""","""The result is [DP]nan[/DP].""","""The result is [DP]3.2485[/DP].""","""The result is [DP]995.0863[/DP].""","""The result is [DP]nan[/DP].""","""The result is [DP]0.2197[/DP]."""
2,What is the average treatment duration for Major Depressive Disorder?,0.4216476246561033,1.5643565654754639,0.7973480224609375,0.0,0.0011105537414550781,"""The result is [DP]12.02[/DP].""","""The result is 11.7.""","""The result is 13.02.""","""The result is 22.38.""","""The result is 42.02.""","""The result is [DP]0.0595[/DP].""","""The result is [DP]384.5469[/DP].""","""The result is [DP]2.1891[/DP].""","""The result is [DP]0.2973[/DP].""","""The result is [DP]nan[/DP].""","""The result is [DP]351.1322[/DP]."""
3,What therapy types are used for treating Major Depressive Disorder?,0.5226303807974494,1.7978508472442627,0.9337356090545654,0.0,0.0,"""['Interpersonal Therapy' 'Mindfulness-Based Therapy'\n 'Cognitive Behavioral Therapy' 'Dialectical Behavioral Therapy']""","""['Interpersonal Therapy' 'Mindfulness-Based Therapy'\n 'Cognitive Behavioral Therapy' 'Dialectical Behavioral Therapy']""","""['Interpersonal Therapy' 'Mindfulness-Based Therapy'\n 'Cognitive Behavioral Therapy' 'Dialectical Behavioral Therapy']""","""['Interpersonal Therapy' 'Mindfulness-Based Therapy'\n 'Cognitive Behavioral Therapy' 'Dialectical Behavioral Therapy']""","""['Interpersonal Therapy' 'Mindfulness-Based Therapy'\n 'Cognitive Behavioral Therapy' 'Dialectical Behavioral Therapy']""","""['Interpersonal Therapy' 'Mindfulness-Based Therapy'\n 'Cognitive Behavioral Therapy' 'Dialectical Behavioral Therapy']""","""['Interpersonal Therapy' 'Mindfulness-Based Therapy'\n 'Cognitive Behavioral Therapy' 'Dialectical Behavioral Therapy']""","""['Interpersonal Therapy' 'Mindfulness-Based Therapy'\n 'Cognitive Behavioral Therapy' 'Dialectical Behavioral Therapy']""","""['Interpersonal Therapy' 'Mindfulness-Based Therapy'\n 'Cognitive Behavioral Therapy' 'Dialectical Behavioral Therapy']""","""['Interpersonal Therapy' 'Mindfulness-Based Therapy'\n 'Cognitive Behavioral Therapy' 'Dialectical Behavioral Therapy']""","""['Interpersonal Therapy' 'Mindfulness-Based Therapy'\n 'Cognitive Behavioral Therapy' 'Dialectical Behavioral Therapy']"""
4,What percentage of Major Depressive Disorder patients showed improvement?,1.350541224549904,2.2911183834075928,1.3242206573486328,0.0,0.0,"""The result is [DP]25.6[/DP].""","""The result is 26.55.""","""The result is 27.6.""","""The result is 26.56.""","""The result is 27.6.""","""The result is [DP]0.5027[/DP].""","""The result is [DP]nan[/DP].""","""The result is [DP]337.191[/DP].""","""The result is [DP]955.4645[/DP].""","""The result is [DP]nan[/DP].""","""The result is [DP]197.601[/DP]."""
5,How many patients have been diagnosed with Panic Disorder?,0.794007125837763,4.116676092147827,1.1066372394561768,0.0,0.0,"""The result is [DP]116[/DP].""","""The result is 117.32.""","""The result is 114.0.""","""The result is 122.62.""","""The result is 114.0.""","""The result is [DP]999.3774[/DP].""","""The result is [DP]931.9537[/DP].""","""The result is [DP]394.3366[/DP].""","""The result is [DP]0.0003[/DP].""","""The result is [DP]0.0[/DP].""","""The result is [DP]4.3281[/DP]."""
6,What is the average mood score of patients with Panic Disorder?,1.350541224549904,2.052326202392578,1.1269323825836182,0.0,0.0009996891021728516,"""The result is [DP]5.64[/DP].""","""The result is 5.82.""","""The result is 12.64.""","""The result is 10.49.""","""The result is 7.64.""","""The result is [DP]0.0002[/DP].""","""The result is [DP]nan[/DP].""","""The result is [DP]38.9426[/DP].""","""The result is [DP]0.0144[/DP].""","""The result is [DP]nan[/DP].""","""The result is [DP]0.1886[/DP]."""
7,What is the average treatment duration for Panic Disorder?,0.8617224173568258,1.6776297092437744,0.8234741687774658,0.0,0.0,"""The result is [DP]12.01[/DP].""","""The result is 14.02.""","""The result is 13.01.""","""The result is 12.35.""","""The result is 13.01.""","""The result is [DP]0.0063[/DP].""","""The result is [DP]nan[/DP].""","""The result is [DP]32.0041[/DP].""","""The result is [DP]2.0446[/DP].""","""The result is [DP]0.0[/DP].""","""The result is [DP]10.1189[/DP]."""
8,What therapy types are used for treating Panic Disorder?,0.9145856197269706,2.4799907207489014,1.5324482917785645,0.0,0.0,"""['Interpersonal Therapy' 'Cognitive Behavioral Therapy'\n 'Mindfulness-Based Therapy' 'Dialectical Behavioral Therapy']""","""['Interpersonal Therapy' 'Cognitive Behavioral Therapy'\n 'Mindfulness-Based Therapy' 'Dialectical Behavioral Therapy']""","""['Interpersonal Therapy' 'Cognitive Behavioral Therapy'\n 'Mindfulness-Based Therapy' 'Dialectical Behavioral Therapy']""","""['Interpersonal Therapy' 'Cognitive Behavioral Therapy'\n 'Mindfulness-Based Therapy' 'Dialectical Behavioral Therapy']""","""['Interpersonal Therapy' 'Cognitive Behavioral Therapy'\n 'Mindfulness-Based Therapy' 'Dialectical Behavioral Therapy']""","""['Interpersonal Therapy' 'Cognitive Behavioral Therapy'\n 'Mindfulness-Based Therapy' 'Dialectical Behavioral Therapy']""","""['Interpersonal Therapy' 'Cognitive Behavioral Therapy'\n 'Mindfulness-Based Therapy' 'Dialectical Behavioral Therapy']""","""['Interpersonal Therapy' 'Cognitive Behavioral Therapy'\n 'Mindfulness-Based Therapy' 'Dialectical Behavioral Therapy']""","""['Interpersonal Therapy' 'Cognitive Behavioral Therapy'\n 'Mindfulness-Based Therapy' 'Dialectical Behavioral Therapy']""","""['Interpersonal Therapy' 'Cognitive Behavioral Therapy'\n 'Mindfulness-Based Therapy' 'Dialectical Behavioral Therapy']""","""['Interpersonal Therapy' 'Cognitive Behavioral Therapy'\n 'Mindfulness-Based Therapy' 'Dialectical Behavioral Therapy']"""
9,What percentage of Panic Disorder patients showed improvement?,0.9181457884751146,2.5712780952453613,1.1674754619598389,0.0,0.000997781753540039,"""The result is [DP]47.41[/DP].""","""The result is 38.75.""","""The result is 47.41.""","""The result is 45.99.""","""The result is 56.41.""","""The result is [DP]996.7043[/DP].""","""The result is [DP]0.0[/DP].""","""The result is [DP]6.9848[/DP].""","""The result is [DP]0.0[/DP].""","""The result is [DP]0.0[/DP].""","""The result is [DP]22.8534[/DP]."""
10,How many patients have been diagnosed with Generalized Anxiety?,0.918142078633442,1.8150548934936523,0.9663026332855225,0.0,0.0,"""The result is [DP]135[/DP].""","""The result is 133.55.""","""The result is 132.0.""","""The result is 136.99.""","""The result is 135.0.""","""The result is [DP]0.0001[/DP].""","""The result is [DP]0.0[/DP].""","""The result is [DP]790.3044[/DP].""","""The result is [DP]26.9987[/DP].""","""The result is [DP]nan[/DP].""","""The result is [DP]821.3753[/DP]."""
11,What is the average mood score of patients with Generalized Anxiety?,0.794007125837763,2.031857967376709,1.1212761402130127,0.0,0.0,"""The result is [DP]5.36[/DP].""","""The result is 5.4.""","""The result is 2.36.""","""The result is 10.96.""","""The result is 18.36.""","""The result is [DP]1.2526[/DP].""","""The result is [DP]0.0[/DP].""","""The result is [DP]8.6981[/DP].""","""The result is [DP]0.0011[/DP].""","""The result is [DP]0.0[/DP].""","""The result is [DP]0.5841[/DP]."""
12,What is the average treatment duration for Generalized Anxiety?,0.8617224173568258,1.6480448246002197,0.8979315757751465,0.0,0.0,"""The result is [DP]12.24[/DP].""","""The result is 12.95.""","""The result is 12.24.""","""The result is 20.89.""","""The result is 17.24.""","""The result is [DP]0.0001[/DP].""","""The result is [DP]0.0[/DP].""","""The result is [DP]26.4256[/DP].""","""The result is [DP]999.9985[/DP].""","""The result is [DP]nan[/DP].""","""The result is [DP]11.1238[/DP]."""
13,What therapy types are used for treating Generalized Anxiety?,1.0368546195518356,1.6209790706634521,0.853499174118042,0.0,0.0,"""['Dialectical Behavioral Therapy' 'Interpersonal Therapy'\n 'Mindfulness-Based Therapy' 'Cognitive Behavioral Therapy']""","""['Dialectical Behavioral Therapy' 'Interpersonal Therapy'\n 'Mindfulness-Based Therapy' 'Cognitive Behavioral Therapy']""","""['Dialectical Behavioral Therapy' 'Interpersonal Therapy'\n 'Mindfulness-Based Therapy' 'Cognitive Behavioral Therapy']""","""['Dialectical Behavioral Therapy' 'Interpersonal Therapy'\n 'Mindfulness-Based Therapy' 'Cognitive Behavioral Therapy']""","""['Dialectical Behavioral Therapy' 'Interpersonal Therapy'\n 'Mindfulness-Based Therapy' 'Cognitive Behavioral Therapy']""","""['Dialectical Behavioral Therapy' 'Interpersonal Therapy'\n 'Mindfulness-Based Therapy' 'Cognitive Behavioral Therapy']""","""['Dialectical Behavioral Therapy' 'Interpersonal Therapy'\n 'Mindfulness-Based Therapy' 'Cognitive Behavioral Therapy']""","""['Dialectical Behavioral Therapy' 'Interpersonal Therapy'\n 'Mindfulness-Based Therapy' 'Cognitive Behavioral Therapy']""","""['Dialectical Behavioral Therapy' 'Interpersonal Therapy'\n 'Mindfulness-Based Therapy' 'Cognitive Behavioral Therapy']""","""['Dialectical Behavioral Therapy' 'Interpersonal Therapy'\n 'Mindfulness-Based Therapy' 'Cognitive Behavioral Therapy']""","""['Dialectical Behavioral Therapy' 'Interpersonal Therapy'\n 'Mindfulness-Based Therapy' 'Cognitive Behavioral Therapy']"""
14,What percentage of Generalized Anxiety patients showed improvement?,1.1038400552956573,2.198721170425415,0.9686651229858398,0.0,0.0,"""The result is [DP]39.26[/DP].""","""The result is 39.59.""","""The result is 35.26.""","""The result is 34.54.""","""The result is 36.26.""","""The result is [DP]0.2903[/DP].""","""The result is [DP]nan[/DP].""","""The result is [DP]117.5591[/DP].""","""The result is [DP]144.5913[/DP].""","""The result is [DP]0.0[/DP].""","""The result is [DP]316.6584[/DP]."""
15,How many patients have been diagnosed with Bipolar Disorder?,0.25312319302722175,1.5882916450500488,0.7600376605987549,0.0,0.008124351501464844,"""The result is [DP]124[/DP].""","""The result is 121.1.""","""The result is 124.0.""","""The result is 112.77.""","""The result is 103.0.""","""The result is [DP]543.4732[/DP].""","""The result is [DP]0.0[/DP].""","""The result is [DP]138.4403[/DP].""","""The result is [DP]0.0006[/DP].""","""The result is [DP]0.0[/DP].""","""The result is [DP]380.1279[/DP]."""
16,What is the average mood score of patients with Bipolar Disorder?,0.25312319302722175,1.7098395824432373,0.8601694107055664,0.0,0.0,"""The result is [DP]5.54[/DP].""","""The result is 10.35.""","""The result is 5.54.""","""The result is 0.""","""The result is 0.""","""The result is [DP]19.8552[/DP].""","""The result is [DP]nan[/DP].""","""The result is [DP]24.2478[/DP].""","""The result is [DP]0.0026[/DP].""","""The result is [DP]nan[/DP].""","""The result is [DP]211.3554[/DP]."""
17,What is the average treatment duration for Bipolar Disorder?,0.23211822891717815,1.700472354888916,0.9123802185058594,0.0,0.0,"""The result is [DP]12.16[/DP].""","""The result is 15.06.""","""The result is 12.16.""","""The result is 0.""","""The result is 12.16.""","""The result is [DP]999.9993[/DP].""","""The result is [DP]0.0[/DP].""","""The result is [DP]0.7616[/DP].""","""The result is [DP]0.0[/DP].""","""The result is [DP]0.0[/DP].""","""The result is [DP]24.4591[/DP]."""
18,What therapy types are used for treating Bipolar Disorder?,0.8993786248373329,1.8098485469818115,1.000075101852417,0.0,0.0,"""['Dialectical Behavioral Therapy' 'Mindfulness-Based Therapy'\n 'Interpersonal Therapy' 'Cognitive Behavioral Therapy']""","""['Dialectical Behavioral Therapy' 'Mindfulness-Based Therapy'\n 'Interpersonal Therapy' 'Cognitive Behavioral Therapy']""","""['Dialectical Behavioral Therapy' 'Mindfulness-Based Therapy'\n 'Interpersonal Therapy' 'Cognitive Behavioral Therapy']""","""['Dialectical Behavioral Therapy' 'Mindfulness-Based Therapy'\n 'Interpersonal Therapy' 'Cognitive Behavioral Therapy']""","""['Dialectical Behavioral Therapy' 'Mindfulness-Based Therapy'\n 'Interpersonal Therapy' 'Cognitive Behavioral Therapy']""","""['Dialectical Behavioral Therapy' 'Mindfulness-Based Therapy'\n 'Interpersonal Therapy' 'Cognitive Behavioral Therapy']""","""['Dialectical Behavioral Therapy' 'Mindfulness-Based Therapy'\n 'Interpersonal Therapy' 'Cognitive Behavioral Therapy']""","""['Dialectical Behavioral Therapy' 'Mindfulness-Based Therapy'\n 'Interpersonal Therapy' 'Cognitive Behavioral Therapy']""","""['Dialectical Behavioral Therapy' 'Mindfulness-Based Therapy'\n 'Interpersonal Therapy' 'Cognitive Behavioral Therapy']""","""['Dialectical Behavioral Therapy' 'Mindfulness-Based Therapy'\n 'Interpersonal Therapy' 'Cognitive Behavioral Therapy']""","""['Dialectical Behavioral Therapy' 'Mindfulness-Based Therapy'\n 'Interpersonal Therapy' 'Cognitive Behavioral Therapy']"""
19,What percentage of Bipolar Disorder patients showed improvement?,0.8617224173568258,2.1318717002868652,1.0050396919250488,0.0,0.0,"""The result is [DP]35.48[/DP].""","""The result is 35.94.""","""The result is 35.48.""","""The result is 33.32.""","""The result is 40.48.""","""The result is [DP]18.0684[/DP].""","""The result is [DP]0.0[/DP].""","""The result is [DP]116.4007[/DP].""","""The result is [DP]1.8031[/DP].""","""The result is [DP]0.0[/DP].""","""The result is [DP]3.2192[/DP]."""
20,How many patients are on Mood Stabilizers?,0.23211822891717815,2.8799734115600586,0.900073766708374,0.0,0.0037980079650878906,"""The result is [DP]87[/DP].""","""The result is 88.05.""","""The result is 87.0.""","""The result is 30.57.""","""The result is 78.0.""","""The result is [DP]0.0002[/DP].""","""The result is [DP]nan[/DP].""","""The result is [DP]464.4068[/DP].""","""The result is [DP]0.0007[/DP].""","""The result is [DP]920.7388[/DP].""","""The result is [DP]211.4058[/DP]."""
21,What is the average adherence for patients on Mood Stabilizers?,0.9181457884751146,2.810420036315918,2.0098540782928467,0.0,0.0,"""The result is [DP]75.25[/DP].""","""The result is 75.54.""","""The result is 76.25.""","""The result is 76.14.""","""The result is 69.25.""","""The result is [DP]0.0073[/DP].""","""The result is [DP]0.0[/DP].""","""The result is [DP]100.9659[/DP].""","""The result is [DP]999.9973[/DP].""","""The result is [DP]0.0[/DP].""","""The result is [DP]363.5387[/DP]."""
22,How effective is Mood Stabilizers in terms of outcome?,0.794007125837763,2.573828935623169,1.0239777565002441,0.0,0.0,"""Improved: [DP]0.44[/DP] Deteriorated: [DP]0.29[/DP] No Change: [DP]0.28[/DP]""","""Improved: 1.53 Deteriorated: 2.87 No Change: 0.33""","""Improved: 0.44 Deteriorated: 2.29 No Change: 0""","""Improved: 4.56 Deteriorated: 0 No Change: 2.05""","""Improved: 1.44 Deteriorated: 3.29 No Change: 1.28""","""Improved: [DP]0.012[/DP] Deteriorated: [DP]0.9043[/DP] No Change: [DP]0.0185[/DP]""","""Improved: [DP]nan[/DP] Deteriorated: [DP]0.0[/DP] No Change: [DP]nan[/DP]""","""Improved: [DP]0.1321[/DP] Deteriorated: [DP]0.0074[/DP] No Change: [DP]0.017[/DP]""","""Improved: [DP]0.0[/DP] Deteriorated: [DP]0.0[/DP] No Change: [DP]0.0045[/DP]""","""Improved: [DP]0.0[/DP] Deteriorated: [DP]0.0[/DP] No Change: [DP]642.6241[/DP]""","""Improved: [DP]0.0084[/DP] Deteriorated: [DP]0.4034[/DP] No Change: [DP]0.0382[/DP]"""
23,What is the average stress level of patients on Mood Stabilizers?,0.8617224173568258,1.6621136665344238,0.8200843334197998,0.0,0.0,"""The result is [DP]7.66[/DP].""","""The result is 7.57.""","""The result is 9.66.""","""The result is 8.5.""","""The result is 11.66.""","""The result is [DP]999.9991[/DP].""","""The result is [DP]759.3277[/DP].""","""The result is [DP]9.667[/DP].""","""The result is [DP]0.0026[/DP].""","""The result is [DP]nan[/DP].""","""The result is [DP]0.5306[/DP]."""
24,How many patients are on Antipsychotics?,0.21977188989255456,1.748213291168213,1.0293970108032227,0.0,0.009888887405395508,"""The result is [DP]87[/DP].""","""The result is 84.02.""","""The result is 87.0.""","""The result is 46.9.""","""The result is 117.0.""","""The result is [DP]9.5344[/DP].""","""The result is [DP]0.0[/DP].""","""The result is [DP]3.2613[/DP].""","""The result is [DP]866.7395[/DP].""","""The result is [DP]0.0[/DP].""","""The result is [DP]526.0458[/DP]."""
25,What is the average adherence for patients on Antipsychotics?,1.350541224549904,2.09820818901062,1.09794282913208,0.0,0.0,"""The result is [DP]74.15[/DP].""","""The result is 74.2.""","""The result is 75.15.""","""The result is 73.29.""","""The result is 84.15.""","""The result is [DP]999.9893[/DP].""","""The result is [DP]0.0[/DP].""","""The result is [DP]267.6437[/DP].""","""The result is [DP]0.0167[/DP].""","""The result is [DP]0.0[/DP].""","""The result is [DP]662.9493[/DP]."""
26,How effective is Antipsychotics in terms of outcome?,0.23211822891717815,1.9696834087371826,0.9600498676300049,0.0,0.0,"""Deteriorated: [DP]0.34[/DP] Improved: [DP]0.33[/DP] No Change: [DP]0.32[/DP]""","""Deteriorated: 5.61 Improved: 0 No Change: 3.8""","""Deteriorated: 0.34 Improved: 0.33 No Change: 0.32""","""Deteriorated: 14.71 Improved: 25.6 No Change: 5.47""","""Deteriorated: 26.34 Improved: 0 No Change: 13.32""","""Deteriorated: [DP]0.0714[/DP] Improved: [DP]0.0001[/DP] No Change: [DP]0.0[/DP]""","""Deteriorated: [DP]nan[/DP] Improved: [DP]nan[/DP] No Change: [DP]649.8233[/DP]""","""Deteriorated: [DP]5.8063[/DP] Improved: [DP]0.5591[/DP] No Change: [DP]0.6396[/DP]""","""Deteriorated: [DP]390.0923[/DP] Improved: [DP]999.522[/DP] No Change: [DP]0.3606[/DP]""","""Deteriorated: [DP]nan[/DP] Improved: [DP]921.9255[/DP] No Change: [DP]0.0[/DP]""","""Deteriorated: [DP]0.0565[/DP] Improved: [DP]1.2484[/DP] No Change: [DP]0.0823[/DP]"""
27,What is the average stress level of patients on Antipsychotics?,0.8617224173568258,2.0962510108947754,1.1664233207702637,0.0,0.0,"""The result is [DP]7.47[/DP].""","""The result is 7.96.""","""The result is 7.47.""","""The result is 0.""","""The result is 15.47.""","""The result is [DP]0.0[/DP].""","""The result is [DP]625.863[/DP].""","""The result is [DP]6.3455[/DP].""","""The result is [DP]999.9505[/DP].""","""The result is [DP]nan[/DP].""","""The result is [DP]1.688[/DP]."""
28,How many patients are on SSRIs?,0.45188719028566016,1.7406086921691895,0.8902633190155029,0.0,0.0,"""The result is [DP]0[/DP].""","""The result is 0.""","""The result is 0.""","""The result is 1.65.""","""The result is 1.0.""","""The result is [DP]0.0061[/DP].""","""The result is [DP]758.4851[/DP].""","""The result is [DP]0.0001[/DP].""","""The result is [DP]0.8512[/DP].""","""The result is [DP]642.9592[/DP].""","""The result is [DP]0.0[/DP]."""
29,What is the average adherence for patients on SSRIs?,1.1038400552956573,1.8034777641296387,0.9644372463226318,0.0001049041748046875,0.0,"""The result is [DP]75.69[/DP].""","""The result is 78.97.""","""The result is 75.69.""","""The result is 74.13.""","""The result is 77.69.""","""The result is [DP]92.3551[/DP].""","""The result is [DP]0.0[/DP].""","""The result is [DP]168.598[/DP].""","""The result is [DP]0.0001[/DP].""","""The result is [DP]nan[/DP].""","""The result is [DP]378.467[/DP]."""
30,How effective is SSRIs in terms of outcome?,0.9145856197269706,1.9301836490631104,0.868048906326294,0.0,0.0,"""No Change: [DP]0.37[/DP] Improved: [DP]0.35[/DP] Deteriorated: [DP]0.28[/DP]""","""No Change: 0.5 Improved: 0.99 Deteriorated: 1.52""","""No Change: 1.37 Improved: 0.35 Deteriorated: 1.28""","""No Change: 0 Improved: 0 Deteriorated: 7.46""","""No Change: 0 Improved: 1.35 Deteriorated: 0""","""No Change: [DP]2.3412[/DP] Improved: [DP]0.0376[/DP] Deteriorated: [DP]0.0[/DP]""","""No Change: [DP]0.0[/DP] Improved: [DP]0.0[/DP] Deteriorated: [DP]nan[/DP]""","""No Change: [DP]0.5627[/DP] Improved: [DP]2.5098[/DP] Deteriorated: [DP]0.6321[/DP]""","""No Change: [DP]996.1637[/DP] Improved: [DP]2.0113[/DP] Deteriorated: [DP]0.2104[/DP]""","""No Change: [DP]nan[/DP] Improved: [DP]836.0145[/DP] Deteriorated: [DP]nan[/DP]""","""No Change: [DP]11.1585[/DP] Improved: [DP]1.2192[/DP] Deteriorated: [DP]0.0218[/DP]"""
31,What is the average stress level of patients on SSRIs?,0.21977188989255456,1.7604458332061768,0.8826308250427246,0.0,0.0,"""The result is [DP]nan[/DP].""","""The result is [DP]nan[/DP].""","""The result is [DP]nan[/DP].""","""The result is [DP]nan[/DP].""","""The result is [DP]nan[/DP].""","""The result is [DP]nan[/DP].""","""The result is [DP]nan[/DP].""","""The result is [DP]nan[/DP].""","""The result is [DP]nan[/DP].""","""The result is [DP]nan[/DP].""","""The result is [DP]nan[/DP]."""
32,How many patients are on Anxiolytics?,0.45188719028566016,1.8322083950042725,1.049919605255127,0.0,0.0,"""The result is [DP]71[/DP].""","""The result is 76.26.""","""The result is 72.0.""","""The result is 68.97.""","""The result is 85.0.""","""The result is [DP]115.0005[/DP].""","""The result is [DP]nan[/DP].""","""The result is [DP]35.2559[/DP].""","""The result is [DP]0.0[/DP].""","""The result is [DP]nan[/DP].""","""The result is [DP]1.6422[/DP]."""
33,What is the average adherence for patients on Anxiolytics?,0.23211822891717815,1.9976768493652344,0.9840199947357178,0.0,0.0,"""The result is [DP]76.44[/DP].""","""The result is 65.93.""","""The result is 77.44.""","""The result is 61.66.""","""The result is 75.44.""","""The result is [DP]999.9971[/DP].""","""The result is [DP]nan[/DP].""","""The result is [DP]5.9352[/DP].""","""The result is [DP]999.9989[/DP].""","""The result is [DP]nan[/DP].""","""The result is [DP]311.9092[/DP]."""
34,How effective is Anxiolytics in terms of outcome?,0.918142078633442,1.8051373958587646,0.9203848838806152,0.0,0.005110025405883789,"""Deteriorated: [DP]0.38[/DP] No Change: [DP]0.34[/DP] Improved: [DP]0.28[/DP]""","""Deteriorated: 1.56 No Change: 1.1 Improved: 1.15""","""Deteriorated: 0 No Change: 0.34 Improved: 0""","""Deteriorated: 0 No Change: 2.48 Improved: 3.0""","""Deteriorated: 0 No Change: 0 Improved: 1.28""","""Deteriorated: [DP]0.3572[/DP] No Change: [DP]0.0[/DP] Improved: [DP]0.0[/DP]""","""Deteriorated: [DP]nan[/DP] No Change: [DP]612.8011[/DP] Improved: [DP]662.9558[/DP]""","""Deteriorated: [DP]1.7155[/DP] No Change: [DP]0.4601[/DP] Improved: [DP]2.1184[/DP]""","""Deteriorated: [DP]0.0361[/DP] No Change: [DP]0.004[/DP] Improved: [DP]0.004[/DP]""","""Deteriorated: [DP]0.0[/DP] No Change: [DP]0.0[/DP] Improved: [DP]nan[/DP]""","""Deteriorated: [DP]0.0124[/DP] No Change: [DP]0.7385[/DP] Improved: [DP]0.0896[/DP]"""
35,What is the average stress level of patients on Anxiolytics?,0.21977188989255456,2.9972574710845947,1.0651838779449463,0.0,0.0,"""The result is [DP]7.7[/DP].""","""The result is 5.89.""","""The result is 7.7.""","""The result is 30.38.""","""The result is 33.7.""","""The result is [DP]8.9931[/DP].""","""The result is [DP]0.0[/DP].""","""The result is [DP]41.3756[/DP].""","""The result is [DP]992.4066[/DP].""","""The result is [DP]0.0[/DP].""","""The result is [DP]272.735[/DP]."""
36,How many patients are on Antidepressants?,0.9145856197269706,1.8302056789398193,1.0303211212158203,0.0,0.0,"""The result is [DP]76[/DP].""","""The result is 77.48.""","""The result is 77.0.""","""The result is 74.0.""","""The result is 79.0.""","""The result is [DP]0.2118[/DP].""","""The result is [DP]nan[/DP].""","""The result is [DP]7.391[/DP].""","""The result is [DP]0.0[/DP].""","""The result is [DP]nan[/DP].""","""The result is [DP]16.5786[/DP]."""
37,What is the average adherence for patients on Antidepressants?,1.1038400552956573,1.7601921558380127,0.8526508808135986,0.0,0.0,"""The result is [DP]75.61[/DP].""","""The result is 75.31.""","""The result is 66.61.""","""The result is 63.75.""","""The result is 76.61.""","""The result is [DP]999.4061[/DP].""","""The result is [DP]0.0[/DP].""","""The result is [DP]59.5343[/DP].""","""The result is [DP]466.1689[/DP].""","""The result is [DP]913.4829[/DP].""","""The result is [DP]1.7054[/DP]."""
38,How effective is Antidepressants in terms of outcome?,0.8993786248373329,1.788421869277954,0.9496128559112549,0.0,0.0027458667755126953,"""Deteriorated: [DP]0.42[/DP] Improved: [DP]0.3[/DP] No Change: [DP]0.28[/DP]""","""Deteriorated: 1.67 Improved: 0 No Change: 1.2""","""Deteriorated: 1.42 Improved: 2.3 No Change: 0.28""","""Deteriorated: 5.58 Improved: 0 No Change: 3.23""","""Deteriorated: 10.42 Improved: 0.3 No Change: 0""","""Deteriorated: [DP]67.6177[/DP] Improved: [DP]0.0109[/DP] No Change: [DP]3.7179[/DP]""","""Deteriorated: [DP]0.0[/DP] Improved: [DP]0.0[/DP] No Change: [DP]0.0[/DP]""","""Deteriorated: [DP]0.0892[/DP] Improved: [DP]0.6337[/DP] No Change: [DP]0.2019[/DP]""","""Deteriorated: [DP]805.8004[/DP] Improved: [DP]0.0[/DP] No Change: [DP]50.6158[/DP]""","""Deteriorated: [DP]nan[/DP] Improved: [DP]nan[/DP] No Change: [DP]0.0[/DP]""","""Deteriorated: [DP]9.6604[/DP] Improved: [DP]0.0065[/DP] No Change: [DP]0.0216[/DP]"""
39,What is the average stress level of patients on Antidepressants?,1.350541224549904,1.849971055984497,1.020153522491455,0.0,0.009891986846923828,"""The result is [DP]7.67[/DP].""","""The result is 7.92.""","""The result is 5.67.""","""The result is 6.75.""","""The result is 13.67.""","""The result is [DP]999.982[/DP].""","""The result is [DP]0.0[/DP].""","""The result is [DP]2.9144[/DP].""","""The result is [DP]999.9834[/DP].""","""The result is [DP]359.7157[/DP].""","""The result is [DP]73.344[/DP]."""
40,How many patients are on Benzodiazepines?,0.7715746304029494,1.9603261947631836,1.099923849105835,0.0,0.003849029541015625,"""The result is [DP]90[/DP].""","""The result is 88.63.""","""The result is 92.0.""","""The result is 92.86.""","""The result is 84.0.""","""The result is [DP]872.1755[/DP].""","""The result is [DP]nan[/DP].""","""The result is [DP]43.7508[/DP].""","""The result is [DP]999.9972[/DP].""","""The result is [DP]nan[/DP].""","""The result is [DP]506.9866[/DP]."""
41,What is the average adherence for patients on Benzodiazepines?,0.9189598761607718,2.091904401779175,1.069704532623291,0.0,0.0,"""The result is [DP]75.78[/DP].""","""The result is 76.59.""","""The result is 75.78.""","""The result is 79.55.""","""The result is 65.78.""","""The result is [DP]614.6522[/DP].""","""The result is [DP]0.0[/DP].""","""The result is [DP]105.2641[/DP].""","""The result is [DP]999.9998[/DP].""","""The result is [DP]nan[/DP].""","""The result is [DP]41.036[/DP]."""
42,How effective is Benzodiazepines in terms of outcome?,0.8617224173568258,3.0280518531799316,0.9675230979919434,0.0,0.0,"""Deteriorated: [DP]0.36[/DP] Improved: [DP]0.32[/DP] No Change: [DP]0.32[/DP]""","""Deteriorated: 0.57 Improved: 0 No Change: 0""","""Deteriorated: 0 Improved: 2.32 No Change: 0""","""Deteriorated: 3.09 Improved: 0 No Change: 0""","""Deteriorated: 0 Improved: 0 No Change: 5.32""","""Deteriorated: [DP]0.1187[/DP] Improved: [DP]0.0001[/DP] No Change: [DP]0.002[/DP]""","""Deteriorated: [DP]0.0[/DP] Improved: [DP]nan[/DP] No Change: [DP]0.0[/DP]""","""Deteriorated: [DP]0.9074[/DP] Improved: [DP]0.3617[/DP] No Change: [DP]0.3231[/DP]""","""Deteriorated: [DP]0.0[/DP] Improved: [DP]921.2428[/DP] No Change: [DP]69.6345[/DP]""","""Deteriorated: [DP]594.8715[/DP] Improved: [DP]nan[/DP] No Change: [DP]0.0[/DP]""","""Deteriorated: [DP]0.2366[/DP] Improved: [DP]0.5665[/DP] No Change: [DP]0.3719[/DP]"""
43,What is the average stress level of patients on Benzodiazepines?,0.5370197253372814,1.7899248600006104,0.7095270156860352,0.0,0.0,"""The result is [DP]7.2[/DP].""","""The result is 2.76.""","""The result is 6.2.""","""The result is 15.2.""","""The result is 5.2.""","""The result is [DP]999.9017[/DP].""","""The result is [DP]0.0[/DP].""","""The result is [DP]7.5904[/DP].""","""The result is [DP]0.0[/DP].""","""The result is [DP]669.1242[/DP].""","""The result is [DP]0.4821[/DP]."""
44,How many patients received Interpersonal Therapy?,0.9145856197269706,2.2695977687835693,0.8698337078094482,0.0,0.0,"""The result is [DP]124[/DP].""","""The result is 123.39.""","""The result is 130.0.""","""The result is 120.74.""","""The result is 120.0.""","""The result is [DP]988.7703[/DP].""","""The result is [DP]434.9493[/DP].""","""The result is [DP]163.9112[/DP].""","""The result is [DP]999.0198[/DP].""","""The result is [DP]nan[/DP].""","""The result is [DP]313.129[/DP]."""
45,What is the average symptom severity for patients in Interpersonal Therapy?,0.9189598761607718,2.1346373558044434,1.0102770328521729,0.0,0.0041103363037109375,"""The result is [DP]7.71[/DP].""","""The result is 9.94.""","""The result is 4.71.""","""The result is 0.""","""The result is 6.71.""","""The result is [DP]0.0035[/DP].""","""The result is [DP]nan[/DP].""","""The result is [DP]4.094[/DP].""","""The result is [DP]0.0[/DP].""","""The result is [DP]0.0[/DP].""","""The result is [DP]200.8234[/DP]."""
46,What diagnosis is most commonly treated with Interpersonal Therapy?,0.794007125837763,2.295511245727539,1.261626958847046,0.0,0.0,"""Generalized Anxiety""","""Generalized Anxiety""","""Generalized Anxiety""","""Generalized Anxiety""","""Generalized Anxiety""","""Generalized Anxiety""","""Generalized Anxiety""","""Generalized Anxiety""","""Generalized Anxiety""","""Generalized Anxiety""","""Generalized Anxiety"""
47,How many patients received Mindfulness-Based Therapy?,0.23211822891717815,1.7101783752441406,0.9200389385223389,0.0,0.0022978782653808594,"""The result is [DP]130[/DP].""","""The result is 134.62.""","""The result is 128.0.""","""The result is 113.54.""","""The result is 134.0.""","""The result is [DP]0.0001[/DP].""","""The result is [DP]nan[/DP].""","""The result is [DP]11.8777[/DP].""","""The result is [DP]999.9982[/DP].""","""The result is [DP]0.0[/DP].""","""The result is [DP]6.7911[/DP]."""
48,What is the average symptom severity for patients in Mindfulness-Based Therapy?,1.1038400552956573,35.618855714797974,1.3705518245697021,0.0,0.0,"""The result is [DP]7.56[/DP].""","""The result is 8.07.""","""The result is 4.56.""","""The result is 2.43.""","""The result is 8.56.""","""The result is [DP]2.1265[/DP].""","""The result is [DP]nan[/DP].""","""The result is [DP]2.8607[/DP].""","""The result is [DP]146.8007[/DP].""","""The result is [DP]nan[/DP].""","""The result is [DP]12.8715[/DP]."""
49,What diagnosis is most commonly treated with Mindfulness-Based Therapy?,1.350541224549904,8.439567804336548,2.9152626991271973,0.0,0.0,"""Bipolar Disorder""","""Bipolar Disorder""","""Bipolar Disorder""","""Bipolar Disorder""","""Bipolar Disorder""","""Bipolar Disorder""","""Bipolar Disorder""","""Bipolar Disorder""","""Bipolar Disorder""","""Bipolar Disorder""","""Bipolar Disorder"""
50,How many patients received Cognitive Behavioral Therapy?,0.5226303807974494,4.756515741348267,3.9664528369903564,0.0,0.00823831558227539,"""The result is [DP]117[/DP].""","""The result is 117.55.""","""The result is 117.0.""","""The result is 101.68.""","""The result is 116.0.""","""The result is [DP]0.0006[/DP].""","""The result is [DP]0.0[/DP].""","""The result is [DP]50.2066[/DP].""","""The result is [DP]8.1808[/DP].""","""The result is [DP]nan[/DP].""","""The result is [DP]206.7653[/DP]."""
51,What is the average symptom severity for patients in Cognitive Behavioral Therapy?,0.9181457884751146,3.3400299549102783,2.3026504516601562,0.0,0.0,"""The result is [DP]7.31[/DP].""","""The result is 7.22.""","""The result is 9.31.""","""The result is 0.""","""The result is 6.31.""","""The result is [DP]0.0005[/DP].""","""The result is [DP]nan[/DP].""","""The result is [DP]14.2356[/DP].""","""The result is [DP]999.4445[/DP].""","""The result is [DP]302.7518[/DP].""","""The result is [DP]143.5865[/DP]."""
52,What diagnosis is most commonly treated with Cognitive Behavioral Therapy?,0.25312319302722175,2.3031487464904785,1.3446202278137207,0.0,0.0,"""Major Depressive Disorder""","""Major Depressive Disorder""","""Major Depressive Disorder""","""Major Depressive Disorder""","""Major Depressive Disorder""","""Major Depressive Disorder""","""Major Depressive Disorder""","""Major Depressive Disorder""","""Major Depressive Disorder""","""Major Depressive Disorder""","""Major Depressive Disorder"""
53,How many patients received Dialectical Behavioral Therapy?,0.5370197253372814,2.428377151489258,1.077326774597168,0.0,0.001531362533569336,"""The result is [DP]129[/DP].""","""The result is 132.43.""","""The result is 129.0.""","""The result is 116.31.""","""The result is 134.0.""","""The result is [DP]0.0001[/DP].""","""The result is [DP]nan[/DP].""","""The result is [DP]3.4605[/DP].""","""The result is [DP]0.0[/DP].""","""The result is [DP]nan[/DP].""","""The result is [DP]451.905[/DP]."""
54,What is the average symptom severity for patients in Dialectical Behavioral Therapy?,0.9181457884751146,2.228698968887329,1.1435115337371826,0.0,0.006376504898071289,"""The result is [DP]7.33[/DP].""","""The result is 7.68.""","""The result is 7.33.""","""The result is 1.6.""","""The result is 9.33.""","""The result is [DP]135.7034[/DP].""","""The result is [DP]nan[/DP].""","""The result is [DP]2.7558[/DP].""","""The result is [DP]981.8249[/DP].""","""The result is [DP]948.9495[/DP].""","""The result is [DP]113.8854[/DP]."""
55,What diagnosis is most commonly treated with Dialectical Behavioral Therapy?,0.8993786248373329,1.770402193069458,0.7497448921203613,0.0,0.0,"""Generalized Anxiety""","""Generalized Anxiety""","""Generalized Anxiety""","""Generalized Anxiety""","""Generalized Anxiety""","""Generalized Anxiety""","""Generalized Anxiety""","""Generalized Anxiety""","""Generalized Anxiety""","""Generalized Anxiety""","""Generalized Anxiety"""
56,How many patients showed Improved?,0.918142078633442,3.2148046493530273,2.360166072845459,0.0,0.0,"""The result is [DP]170[/DP].""","""The result is 168.59.""","""The result is 168.0.""","""The result is 163.84.""","""The result is 166.0.""","""The result is [DP]0.1788[/DP].""","""The result is [DP]771.5469[/DP].""","""The result is [DP]98.0677[/DP].""","""The result is [DP]0.0[/DP].""","""The result is [DP]nan[/DP].""","""The result is [DP]759.4696[/DP]."""
57,What is the average treatment progress for patients who Improved?,0.8993786248373329,2.3949954509735107,1.537019968032837,0.0,0.0036864280700683594,"""The result is [DP]7.52[/DP].""","""The result is 7.36.""","""The result is 3.52.""","""The result is 6.12.""","""The result is 11.52.""","""The result is [DP]694.1002[/DP].""","""The result is [DP]0.0[/DP].""","""The result is [DP]8.0865[/DP].""","""The result is [DP]0.0001[/DP].""","""The result is [DP]0.0[/DP].""","""The result is [DP]143.6213[/DP]."""
58,How many patients showed No Change?,0.25312319302722175,2.0900683403015137,1.1202502250671387,0.0,0.0,"""The result is [DP]159[/DP].""","""The result is 158.47.""","""The result is 159.0.""","""The result is 196.64.""","""The result is 121.0.""","""The result is [DP]974.3235[/DP].""","""The result is [DP]609.0362[/DP].""","""The result is [DP]50.7146[/DP].""","""The result is [DP]987.6559[/DP].""","""The result is [DP]nan[/DP].""","""The result is [DP]47.9604[/DP]."""
59,What is the average treatment progress for patients who No Change?,0.5226303807974494,2.1098926067352295,1.1817412376403809,0.0,0.0,"""The result is [DP]7.57[/DP].""","""The result is 8.94.""","""The result is 11.57.""","""The result is 18.85.""","""The result is 8.57.""","""The result is [DP]0.548[/DP].""","""The result is [DP]736.8999[/DP].""","""The result is [DP]13.3194[/DP].""","""The result is [DP]0.0001[/DP].""","""The result is [DP]nan[/DP].""","""The result is [DP]1.2157[/DP]."""
60,How many patients showed Deteriorated?,0.21977188989255456,1.8204097747802734,1.0298774242401123,0.0,0.0,"""The result is [DP]171[/DP].""","""The result is 170.62.""","""The result is 171.0.""","""The result is 182.25.""","""The result is 180.0.""","""The result is [DP]987.4683[/DP].""","""The result is [DP]0.0[/DP].""","""The result is [DP]884.9968[/DP].""","""The result is [DP]0.0[/DP].""","""The result is [DP]0.0[/DP].""","""The result is [DP]184.8865[/DP]."""
61,What is the average treatment progress for patients who Deteriorated?,0.21977188989255456,1.7498893737792969,0.7999954223632812,0.0,0.0,"""The result is [DP]7.22[/DP].""","""The result is 0.""","""The result is 7.22.""","""The result is 0.""","""The result is 44.22.""","""The result is [DP]0.003[/DP].""","""The result is [DP]0.0[/DP].""","""The result is [DP]5.1287[/DP].""","""The result is [DP]995.8513[/DP].""","""The result is [DP]0.0[/DP].""","""The result is [DP]1.7823[/DP]."""
62,How many Male patients are diagnosed with Panic Disorder?,0.18273699254356746,3.890225410461426,2.4298250675201416,0.0,0.0,"""The result is [DP]65[/DP].""","""The result is 68.65.""","""The result is 65.0.""","""The result is 97.31.""","""The result is 101.0.""","""The result is [DP]87.9596[/DP].""","""The result is [DP]nan[/DP].""","""The result is [DP]68.9906[/DP].""","""The result is [DP]446.5601[/DP].""","""The result is [DP]nan[/DP].""","""The result is [DP]3.7101[/DP]."""
63,What is the average sleep quality for Male patients?,1.0368546195518356,2.086141586303711,0.8860242366790771,0.0,0.006009101867675781,"""The result is [DP]6.31[/DP].""","""The result is 5.54.""","""The result is 5.31.""","""The result is 8.18.""","""The result is 6.31.""","""The result is [DP]0.0613[/DP].""","""The result is [DP]0.0[/DP].""","""The result is [DP]0.8214[/DP].""","""The result is [DP]0.0[/DP].""","""The result is [DP]nan[/DP].""","""The result is [DP]2.405[/DP]."""
64,Which medication is most commonly prescribed to Male patients?,1.350541224549904,2.2640764713287354,1.0441391468048096,0.0,0.0,"""Antipsychotics""","""Antipsychotics""","""Antipsychotics""","""Antipsychotics""","""Antipsychotics""","""Antipsychotics""","""Antipsychotics""","""Antipsychotics""","""Antipsychotics""","""Antipsychotics""","""Antipsychotics"""
65,How many Female patients are diagnosed with Panic Disorder?,0.9181457884751146,2.179784059524536,1.150052785873413,0.0,0.0,"""The result is [DP]51[/DP].""","""The result is 49.91.""","""The result is 49.0.""","""The result is 47.11.""","""The result is 48.0.""","""The result is [DP]589.6038[/DP].""","""The result is [DP]264.8615[/DP].""","""The result is [DP]71.4104[/DP].""","""The result is [DP]999.9863[/DP].""","""The result is [DP]0.0[/DP].""","""The result is [DP]459.0901[/DP]."""
66,What is the average sleep quality for Female patients?,1.350541224549904,1.954763412475586,0.8251614570617676,0.0,0.0026466846466064453,"""The result is [DP]6.66[/DP].""","""The result is 7.85.""","""The result is 5.66.""","""The result is 8.2.""","""The result is 8.66.""","""The result is [DP]331.4584[/DP].""","""The result is [DP]nan[/DP].""","""The result is [DP]10.6554[/DP].""","""The result is [DP]0.0[/DP].""","""The result is [DP]607.6978[/DP].""","""The result is [DP]0.1804[/DP]."""
67,Which medication is most commonly prescribed to Female patients?,0.25312319302722175,1.764831781387329,0.8500196933746338,0.0,0.0,"""Benzodiazepines""","""Benzodiazepines""","""Benzodiazepines""","""Benzodiazepines""","""Benzodiazepines""","""Benzodiazepines""","""Benzodiazepines""","""Benzodiazepines""","""Benzodiazepines""","""Benzodiazepines""","""Benzodiazepines"""
68,How many patients had an AI-detected emotional state of Anxious?,0.9189598761607718,2.148688316345215,1.2550721168518066,0.0,0.0,"""The result is [DP]102[/DP].""","""The result is 101.91.""","""The result is 102.0.""","""The result is 101.85.""","""The result is 98.0.""","""The result is [DP]0.4875[/DP].""","""The result is [DP]866.2477[/DP].""","""The result is [DP]119.2099[/DP].""","""The result is [DP]0.0002[/DP].""","""The result is [DP]876.8626[/DP].""","""The result is [DP]210.1155[/DP]."""
69,What is the average mood score for patients marked as Anxious?,0.7715746304029494,2.0968286991119385,1.1139817237854004,0.0,0.0,"""The result is [DP]5.19[/DP].""","""The result is 0.78.""","""The result is 3.19.""","""The result is 2.27.""","""The result is 9.19.""","""The result is [DP]196.6797[/DP].""","""The result is [DP]nan[/DP].""","""The result is [DP]2.9123[/DP].""","""The result is [DP]240.2115[/DP].""","""The result is [DP]nan[/DP].""","""The result is [DP]12.4151[/DP]."""
70,How many patients had an AI-detected emotional state of Neutral?,0.5370197253372814,2.124067544937134,0.9741377830505371,0.0,0.0,"""The result is [DP]87[/DP].""","""The result is 84.48.""","""The result is 88.0.""","""The result is 92.75.""","""The result is 77.0.""","""The result is [DP]873.3896[/DP].""","""The result is [DP]0.0[/DP].""","""The result is [DP]344.0062[/DP].""","""The result is [DP]877.445[/DP].""","""The result is [DP]nan[/DP].""","""The result is [DP]4.3306[/DP]."""
71,What is the average mood score for patients marked as Neutral?,0.21977188989255456,2.200148344039917,1.3102550506591797,0.0,0.0,"""The result is [DP]5.67[/DP].""","""The result is 0.""","""The result is 5.67.""","""The result is 4.58.""","""The result is 5.67.""","""The result is [DP]20.9163[/DP].""","""The result is [DP]0.0[/DP].""","""The result is [DP]33.422[/DP].""","""The result is [DP]4.0624[/DP].""","""The result is [DP]0.0[/DP].""","""The result is [DP]11.1437[/DP]."""
72,How many patients had an AI-detected emotional state of Happy?,0.5370197253372814,2.0757241249084473,1.209812879562378,0.0,0.0,"""The result is [DP]78[/DP].""","""The result is 78.88.""","""The result is 77.0.""","""The result is 77.57.""","""The result is 67.0.""","""The result is [DP]1.5553[/DP].""","""The result is [DP]nan[/DP].""","""The result is [DP]181.8613[/DP].""","""The result is [DP]999.9713[/DP].""","""The result is [DP]nan[/DP].""","""The result is [DP]250.9604[/DP]."""
73,What is the average mood score for patients marked as Happy?,0.5370197253372814,4.999770164489746,2.2798635959625244,0.0,0.0,"""The result is [DP]5.28[/DP].""","""The result is 12.98.""","""The result is 5.28.""","""The result is 3.45.""","""The result is 18.28.""","""The result is [DP]0.0297[/DP].""","""The result is [DP]nan[/DP].""","""The result is [DP]1.5929[/DP].""","""The result is [DP]10.9274[/DP].""","""The result is [DP]nan[/DP].""","""The result is [DP]1.932[/DP]."""
74,How many patients had an AI-detected emotional state of Excited?,0.8617224173568258,2.1300370693206787,1.0201077461242676,0.0,0.0,"""The result is [DP]85[/DP].""","""The result is 84.31.""","""The result is 82.0.""","""The result is 83.21.""","""The result is 89.0.""","""The result is [DP]34.3021[/DP].""","""The result is [DP]nan[/DP].""","""The result is [DP]35.6866[/DP].""","""The result is [DP]985.7549[/DP].""","""The result is [DP]nan[/DP].""","""The result is [DP]4.3444[/DP]."""
75,What is the average mood score for patients marked as Excited?,0.1,2.1297645568847656,1.0002269744873047,0.0,0.0036859512329101562,"""The result is [DP]5.85[/DP].""","""The result is 18.37.""","""The result is 5.85.""","""The result is 27.17.""","""The result is 31.85.""","""The result is [DP]0.031[/DP].""","""The result is [DP]0.0[/DP].""","""The result is [DP]2.1925[/DP].""","""The result is [DP]0.0066[/DP].""","""The result is [DP]0.0[/DP].""","""The result is [DP]13.2187[/DP]."""
76,How many patients had an AI-detected emotional state of Stressed?,0.9189598761607718,3.2502167224884033,1.7199745178222656,0.0,0.0,"""The result is [DP]79[/DP].""","""The result is 80.12.""","""The result is 79.0.""","""The result is 79.54.""","""The result is 75.0.""","""The result is [DP]230.7203[/DP].""","""The result is [DP]0.0[/DP].""","""The result is [DP]521.8257[/DP].""","""The result is [DP]999.9965[/DP].""","""The result is [DP]0.0[/DP].""","""The result is [DP]740.0289[/DP]."""
77,What is the average mood score for patients marked as Stressed?,0.8993786248373329,1.879913330078125,0.9187731742858887,0.0,0.0,"""The result is [DP]5.42[/DP].""","""The result is 4.33.""","""The result is 5.42.""","""The result is 6.7.""","""The result is 6.42.""","""The result is [DP]998.1615[/DP].""","""The result is [DP]nan[/DP].""","""The result is [DP]1.5325[/DP].""","""The result is [DP]999.9194[/DP].""","""The result is [DP]822.7158[/DP].""","""The result is [DP]58.622[/DP]."""
78,How many patients had an AI-detected emotional state of Depressed?,0.8617224173568258,1.859968900680542,0.9099698066711426,0.0,0.00959920883178711,"""The result is [DP]69[/DP].""","""The result is 70.29.""","""The result is 68.0.""","""The result is 58.14.""","""The result is 71.0.""","""The result is [DP]0.5541[/DP].""","""The result is [DP]nan[/DP].""","""The result is [DP]37.4718[/DP].""","""The result is [DP]988.2884[/DP].""","""The result is [DP]972.5583[/DP].""","""The result is [DP]135.6521[/DP]."""
79,What is the average mood score for patients marked as Depressed?,0.21977188989255456,1.7799129486083984,0.8601284027099609,0.0,0.0,"""The result is [DP]nan[/DP].""","""The result is [DP]nan[/DP].""","""The result is [DP]nan[/DP].""","""The result is [DP]nan[/DP].""","""The result is [DP]nan[/DP].""","""The result is [DP]nan[/DP].""","""The result is [DP]nan[/DP].""","""The result is [DP]nan[/DP].""","""The result is [DP]nan[/DP].""","""The result is [DP]nan[/DP].""","""The result is [DP]nan[/DP]."""
80,What is the average sleep quality for patients with treatment duration over 10 weeks?,0.8617224173568258,1.8902688026428223,0.8303606510162354,0.0,0.0,"""The result is [DP]6.44[/DP].""","""The result is 6.74.""","""The result is 5.44.""","""The result is 22.93.""","""The result is 2.44.""","""The result is [DP]5.2733[/DP].""","""The result is [DP]nan[/DP].""","""The result is [DP]100.3864[/DP].""","""The result is [DP]0.0[/DP].""","""The result is [DP]806.7482[/DP].""","""The result is [DP]220.3495[/DP]."""
81,How many patients have a stress level of 9 or higher?,0.18273699254356746,1.9469311237335205,1.05021071434021,0.0,0.007275819778442383,"""The result is [DP]174[/DP].""","""The result is 177.3.""","""The result is 173.0.""","""The result is 172.42.""","""The result is 168.0.""","""The result is [DP]998.5461[/DP].""","""The result is [DP]nan[/DP].""","""The result is [DP]279.0951[/DP].""","""The result is [DP]999.9999[/DP].""","""The result is [DP]0.0[/DP].""","""The result is [DP]853.5596[/DP]."""
82,What is the most common diagnosis among patients younger than 35?,0.23211822891717815,2.2432186603546143,1.0928235054016113,0.0,0.0,"""Panic Disorder""","""Panic Disorder""","""Panic Disorder""","""Panic Disorder""","""Panic Disorder""","""Panic Disorder""","""Panic Disorder""","""Panic Disorder""","""Panic Disorder""","""Panic Disorder""","""Panic Disorder"""
83,How does physical activity correlate with mood score?,0.21977188989255456,2.029611587524414,0.8211750984191895,0.0,0.0,"""The result is [DP]0.02[/DP].""","""The result is 0.""","""The result is 0.02.""","""The result is 0.""","""The result is 0.""","""The result is [DP]757.8912[/DP].""","""The result is [DP]nan[/DP].""","""The result is [DP]0.23[/DP].""","""The result is [DP]950.9585[/DP].""","""The result is [DP]nan[/DP].""","""The result is [DP]0.5587[/DP]."""
84,What is the median symptom severity for patients on SSRIs?,0.21977188989255456,2.280129909515381,1.2303640842437744,0.0,0.0,"""The result is [DP]nan[/DP].""","""The result is [DP]nan[/DP].""","""The result is [DP]nan[/DP].""","""The result is [DP]nan[/DP].""","""The result is [DP]nan[/DP].""","""The result is [DP]nan[/DP].""","""The result is [DP]nan[/DP].""","""The result is [DP]nan[/DP].""","""The result is [DP]nan[/DP].""","""The result is [DP]nan[/DP].""","""The result is [DP]nan[/DP]."""
85,Which therapy is linked with the best outcomes for Generalized Anxiety?,0.9181457884751146,2.2501602172851562,0.9800326824188232,0.0,0.0,"""Error executing query: agg function failed [how->mean,dtype->object]""","""Error executing query: agg function failed [how->mean,dtype->object]""","""Error executing query: agg function failed [how->mean,dtype->object]""","""Error executing query: agg function failed [how->mean,dtype->object]""","""Error executing query: agg function failed [how->mean,dtype->object]""","""Error executing query: agg function failed [how->mean,dtype->object]""","""Error executing query: agg function failed [how->mean,dtype->object]""","""Error executing query: agg function failed [how->mean,dtype->object]""","""Error executing query: agg function failed [how->mean,dtype->object]""","""Error executing query: agg function failed [how->mean,dtype->object]""","""Error executing query: agg function failed [how->mean,dtype->object]"""
86,Are patients with Bipolar Disorder more likely to be prescribed Antipsychotics or Mood Stabilizers?,1.350541224549904,2.209535598754883,1.1423466205596924,0.0,0.0,"""Antipsychotics: [DP]25[/DP] Mood Stabilizers: [DP]23[/DP] Antidepressants: [DP]22[/DP] Benzodiazepines: [DP]22[/DP] SSRIs: [DP]16[/DP] Anxiolytics: [DP]16[/DP]""","""Antipsychotics: 23.89 Mood Stabilizers: 22.28 Antidepressants: 21.87 Benzodiazepines: 21.39 SSRIs: 15.49 Anxiolytics: 17.0""","""Antipsychotics: 24.0 Mood Stabilizers: 23.0 Antidepressants: 17.0 Benzodiazepines: 22.0 SSRIs: 16.0 Anxiolytics: 17.0""","""Antipsychotics: 23.76 Mood Stabilizers: 22.33 Antidepressants: 26.92 Benzodiazepines: 24.05 SSRIs: 15.29 Anxiolytics: 15.85""","""Antipsychotics: 21.0 Mood Stabilizers: 20.0 Antidepressants: 22.0 Benzodiazepines: 23.0 SSRIs: 16.0 Anxiolytics: 11.0""","""Antipsychotics: [DP]432.0826[/DP] Mood Stabilizers: [DP]0.0815[/DP] Antidepressants: [DP]999.9997[/DP] Benzodiazepines: [DP]11.1182[/DP] SSRIs: [DP]0.0034[/DP] Anxiolytics: [DP]811.2722[/DP]""","""Antipsychotics: [DP]627.8163[/DP] Mood Stabilizers: [DP]498.5922[/DP] Antidepressants: [DP]nan[/DP] Benzodiazepines: [DP]0.0[/DP] SSRIs: [DP]0.0[/DP] Anxiolytics: [DP]nan[/DP]""","""Antipsychotics: [DP]11.3489[/DP] Mood Stabilizers: [DP]10.3924[/DP] Antidepressants: [DP]177.0858[/DP] Benzodiazepines: [DP]3.0663[/DP] SSRIs: [DP]13.6904[/DP] Anxiolytics: [DP]21.4115[/DP]""","""Antipsychotics: [DP]0.0085[/DP] Mood Stabilizers: [DP]0.1104[/DP] Antidepressants: [DP]0.0216[/DP] Benzodiazepines: [DP]0.0[/DP] SSRIs: [DP]0.0005[/DP] Anxiolytics: [DP]207.0428[/DP]""","""Antipsychotics: [DP]nan[/DP] Mood Stabilizers: [DP]312.759[/DP] Antidepressants: [DP]nan[/DP] Benzodiazepines: [DP]nan[/DP] SSRIs: [DP]nan[/DP] Anxiolytics: [DP]nan[/DP]""","""Antipsychotics: [DP]1.3298[/DP] Mood Stabilizers: [DP]3.3525[/DP] Antidepressants: [DP]5.6171[/DP] Benzodiazepines: [DP]16.6014[/DP] SSRIs: [DP]5.9918[/DP] Anxiolytics: [DP]36.6894[/DP]"""
87,What is the average adherence rate for patients receiving Cognitive Behavioral Therapy?,0.918142078633442,2.3548662662506104,0.9448821544647217,0.0,0.0,"""The result is [DP]75.02[/DP].""","""The result is 74.27.""","""The result is 80.02.""","""The result is 72.74.""","""The result is 83.02.""","""The result is [DP]893.982[/DP].""","""The result is [DP]nan[/DP].""","""The result is [DP]25.8165[/DP].""","""The result is [DP]0.0001[/DP].""","""The result is [DP]0.0[/DP].""","""The result is [DP]14.851[/DP]."""
88,How many patients started treatment after February 2024?,0.25312319302722175,2.285076379776001,0.7883951663970947,0.0,0.0,"""The result is [DP]192[/DP].""","""The result is 194.29.""","""The result is 192.0.""","""The result is 168.39.""","""The result is 239.0.""","""The result is [DP]999.9994[/DP].""","""The result is [DP]nan[/DP].""","""The result is [DP]9.0266[/DP].""","""The result is [DP]970.3028[/DP].""","""The result is [DP]nan[/DP].""","""The result is [DP]11.0173[/DP]."""
89,Which gender shows higher treatment progress on average?,0.794007125837763,2.0414679050445557,1.0402181148529053,0.0,0.0015175342559814453,"""Female: [DP]7.34[/DP] Male: [DP]7.52[/DP]""","""Female: 10.52 Male: 9.48""","""Female: 7.34 Male: 7.52""","""Female: 3.59 Male: 11.16""","""Female: 13.34 Male: 11.52""","""Female: [DP]895.2893[/DP] Male: [DP]0.0081[/DP]""","""Female: [DP]nan[/DP] Male: [DP]nan[/DP]""","""Female: [DP]2.9875[/DP] Male: [DP]0.9699[/DP]""","""Female: [DP]978.2991[/DP] Male: [DP]0.0[/DP]""","""Female: [DP]228.1633[/DP] Male: [DP]nan[/DP]""","""Female: [DP]0.1362[/DP] Male: [DP]0.1569[/DP]"""
90,What diagnosis is most common among patients with emotional state Stressed?,0.8993786248373329,2.678823471069336,1.5289306640625,0.0,0.0,"""Generalized Anxiety""","""Generalized Anxiety""","""Generalized Anxiety""","""Generalized Anxiety""","""Generalized Anxiety""","""Generalized Anxiety""","""Generalized Anxiety""","""Generalized Anxiety""","""Generalized Anxiety""","""Generalized Anxiety""","""Generalized Anxiety"""
91,How many Male patients have Generalized Anxiety and are on Benzodiazepines?,0.794007125837763,2.888806104660034,1.6139249801635742,0.0,0.0046024322509765625,"""The result is [DP]6[/DP].""","""The result is 6.21.""","""The result is 7.0.""","""The result is 3.05.""","""The result is 15.0.""","""The result is [DP]926.5539[/DP].""","""The result is [DP]603.9476[/DP].""","""The result is [DP]1.565[/DP].""","""The result is [DP]0.0[/DP].""","""The result is [DP]nan[/DP].""","""The result is [DP]22.934[/DP]."""
92,What are the top 3 diagnoses by number of patients?,1.1038400552956573,2.7050328254699707,0.7297816276550293,0.0,0.00011467933654785156,"""Generalized Anxiety: [DP]135[/DP] Major Depressive Disorder: [DP]125[/DP] Bipolar Disorder: [DP]124[/DP]""","""Generalized Anxiety: 135.07 Major Depressive Disorder: 125.0 Bipolar Disorder: 123.48""","""Generalized Anxiety: 138.0 Major Depressive Disorder: 118.0 Bipolar Disorder: 126.0""","""Generalized Anxiety: 136.81 Major Depressive Disorder: 134.39 Bipolar Disorder: 120.22""","""Generalized Anxiety: 138.0 Major Depressive Disorder: 127.0 Bipolar Disorder: 127.0""","""Generalized Anxiety: [DP]256.1023[/DP] Major Depressive Disorder: [DP]999.9614[/DP] Bipolar Disorder: [DP]729.889[/DP]""","""Generalized Anxiety: [DP]nan[/DP] Major Depressive Disorder: [DP]0.0[/DP] Bipolar Disorder: [DP]nan[/DP]""","""Generalized Anxiety: [DP]356.5018[/DP] Major Depressive Disorder: [DP]137.1215[/DP] Bipolar Disorder: [DP]661.7486[/DP]""","""Generalized Anxiety: [DP]999.2838[/DP] Major Depressive Disorder: [DP]0.0[/DP] Bipolar Disorder: [DP]0.0001[/DP]""","""Generalized Anxiety: [DP]0.0[/DP] Major Depressive Disorder: [DP]0.0[/DP] Bipolar Disorder: [DP]0.0[/DP]""","""Generalized Anxiety: [DP]875.5512[/DP] Major Depressive Disorder: [DP]170.2197[/DP] Bipolar Disorder: [DP]114.3385[/DP]"""
93,What is the distribution of treatment progress among patients with Panic Disorder?,0.7715746304029494,1.890639066696167,0.9103186130523682,0.0,0.0057599544525146484,"""8: [DP]26[/DP] 10: [DP]22[/DP] 6: [DP]18[/DP] 7: [DP]18[/DP] 9: [DP]16[/DP] 5: [DP]16[/DP]""","""8: 30.71 10: 21.16 6: 19.03 7: 17.0 9: 15.49 5: 15.02""","""8: 26.0 10: 21.0 6: 18.0 7: 16.0 9: 14.0 5: 16.0""","""8: 16.73 10: 13.29 6: 13.65 7: 18.32 9: 8.12 5: 0""","""8: 36.0 10: 16.0 6: 17.0 7: 23.0 9: 20.0 5: 21.0""","""19.9294: [DP]0.025[/DP] 0.0: [DP]0.0334[/DP] 0.6475: [DP]842.9738[/DP] 0.1931: [DP]999.417[/DP] 28.8154: [DP]280.9982[/DP] 0.0: [DP]913.4008[/DP]""","""nan: [DP]nan[/DP] nan: [DP]294.0084[/DP] nan: [DP]470.8266[/DP] 764.7255: [DP]nan[/DP] 0.0: [DP]0.0[/DP] nan: [DP]nan[/DP]""","""34.0082: [DP]51.7451[/DP] 38.3549: [DP]36.4038[/DP] 84.299: [DP]40.429[/DP] 18.1303: [DP]20.8853[/DP] 2.0402: [DP]102.8342[/DP] 52.0533: [DP]0.7536[/DP]""","""0.0001: [DP]0.0[/DP] 0.0: [DP]0.0[/DP] 999.9996: [DP]0.5866[/DP] 0.0: [DP]989.5017[/DP] 0.0: [DP]0.0002[/DP] 0.0001: [DP]991.0948[/DP]""","""0.0: [DP]nan[/DP] 947.5594: [DP]nan[/DP] nan: [DP]0.0[/DP] nan: [DP]230.6942[/DP] 442.6971: [DP]nan[/DP] nan: [DP]0.0[/DP]""","""0.2105: [DP]4.9007[/DP] 1.6937: [DP]29.4787[/DP] 2.2948: [DP]0.7772[/DP] 1.5112: [DP]1.7478[/DP] 28.7321: [DP]16.9625[/DP] 22.1262: [DP]5.0031[/DP]"""
94,How many patients with emotional state Depressed are on Antidepressants?,0.8993786248373329,2.651384115219116,1.570873737335205,0.0,0.0,"""The result is [DP]10[/DP].""","""The result is 10.31.""","""The result is 14.0.""","""The result is 18.73.""","""The result is 16.0.""","""The result is [DP]949.4067[/DP].""","""The result is [DP]nan[/DP].""","""The result is [DP]22.405[/DP].""","""The result is [DP]2.0364[/DP].""","""The result is [DP]0.0[/DP].""","""The result is [DP]10.2177[/DP]."""
95,What is the average sleep quality of patients on Benzodiazepines with Major Depressive Disorder?,0.9189598761607718,2.7152321338653564,0.784867525100708,0.0,0.0021009445190429688,"""The result is [DP]6.34[/DP].""","""The result is 6.71.""","""The result is 7.34.""","""The result is 9.31.""","""The result is 4.34.""","""The result is [DP]0.0001[/DP].""","""The result is [DP]nan[/DP].""","""The result is [DP]2.498[/DP].""","""The result is [DP]8.2349[/DP].""","""The result is [DP]0.0[/DP].""","""The result is [DP]1.8078[/DP]."""
96,What is the average sleep quality of patients on Anxiolytics with Generalized Anxiety?,0.9181457884751146,2.340491533279419,1.1673331260681152,0.0,0.0,"""The result is [DP]6.67[/DP].""","""The result is 9.2.""","""The result is 8.67.""","""The result is 18.9.""","""The result is 1.67.""","""The result is [DP]0.0204[/DP].""","""The result is [DP]nan[/DP].""","""The result is [DP]2.9961[/DP].""","""The result is [DP]795.1992[/DP].""","""The result is [DP]nan[/DP].""","""The result is [DP]0.1774[/DP]."""
97,What is the distribution of treatment progress among patients with Bipolar Disorder?,0.918142078633442,3.4170422554016113,0.9235193729400635,0.0,0.002022981643676758,"""5: [DP]25[/DP] 6: [DP]24[/DP] 8: [DP]24[/DP] 7: [DP]20[/DP] 9: [DP]16[/DP] 10: [DP]15[/DP]""","""5: 25.54 6: 23.18 8: 22.56 7: 21.06 9: 15.94 10: 13.16""","""5: 22.0 6: 25.0 8: 24.0 7: 20.0 9: 18.0 10: 13.0""","""5: 23.87 6: 25.36 8: 15.95 7: 21.79 9: 14.79 10: 11.86""","""5: 19.0 6: 29.0 8: 13.0 7: 23.0 9: 16.0 10: 30.0""","""0.0579: [DP]959.3396[/DP] 979.3506: [DP]961.4137[/DP] 52.9016: [DP]689.422[/DP] 0.0042: [DP]851.3046[/DP] 0.3137: [DP]999.9516[/DP] 0.0001: [DP]4.1412[/DP]""","""451.5096: [DP]933.4725[/DP] nan: [DP]643.5345[/DP] nan: [DP]nan[/DP] nan: [DP]0.0[/DP] nan: [DP]0.0[/DP] nan: [DP]nan[/DP]""","""2.5264: [DP]93.8286[/DP] 0.587: [DP]0.6384[/DP] 23.4153: [DP]1.9252[/DP] 9.1677: [DP]14.7553[/DP] 0.4946: [DP]13.7201[/DP] 14.863: [DP]36.4816[/DP]""","""0.0: [DP]602.1032[/DP] 16.1846: [DP]999.9948[/DP] 0.0009: [DP]0.0001[/DP] 6.03: [DP]0.0013[/DP] 954.3256: [DP]0.0[/DP] 999.892: [DP]0.0[/DP]""","""0.0: [DP]nan[/DP] 0.0: [DP]0.0[/DP] nan: [DP]852.6289[/DP] nan: [DP]0.0[/DP] 229.7226: [DP]nan[/DP] 0.0: [DP]nan[/DP]""","""45.9348: [DP]96.8895[/DP] 5.6204: [DP]7.7[/DP] 0.9351: [DP]3.6179[/DP] 38.3057: [DP]16.7097[/DP] 96.1885: [DP]22.3949[/DP] 0.6098: [DP]68.3723[/DP]"""
98,How many patients with emotional state Excited are on Antipsychotics?,0.9181457884751146,1.944108009338379,0.9093592166900635,0.0022058486938476562,0.0,"""The result is [DP]15[/DP].""","""The result is 12.06.""","""The result is 9.0.""","""The result is 14.66.""","""The result is 23.0.""","""The result is [DP]695.0839[/DP].""","""The result is [DP]0.0[/DP].""","""The result is [DP]25.2848[/DP].""","""The result is [DP]0.1954[/DP].""","""The result is [DP]nan[/DP].""","""The result is [DP]5.0706[/DP]."""
99,How effective is Mindfulness-Based Therapy in treating Major Depressive Disorder?,1.0368546195518356,2.868102788925171,1.3515379428863525,0.0,0.0,"""Deteriorated: [DP]0.39[/DP] No Change: [DP]0.39[/DP] Improved: [DP]0.21[/DP]""","""Deteriorated: 0 No Change: 0.25 Improved: 0""","""Deteriorated: 0.39 No Change: 1.39 Improved: 0.21""","""Deteriorated: 0 No Change: 2.08 Improved: 0""","""Deteriorated: 2.39 No Change: 0 Improved: 0""","""Deteriorated: [DP]0.0[/DP] No Change: [DP]65.0161[/DP] Improved: [DP]0.0197[/DP]""","""Deteriorated: [DP]nan[/DP] No Change: [DP]nan[/DP] Improved: [DP]0.0[/DP]""","""Deteriorated: [DP]1.5501[/DP] No Change: [DP]0.1027[/DP] Improved: [DP]0.4793[/DP]""","""Deteriorated: [DP]0.0[/DP] No Change: [DP]0.0[/DP] Improved: [DP]3.6385[/DP]""","""Deteriorated: [DP]nan[/DP] No Change: [DP]nan[/DP] Improved: [DP]0.0[/DP]""","""Deteriorated: [DP]5.5937[/DP] No Change: [DP]1.9471[/DP] Improved: [DP]0.6725[/DP]"""
