query_id,query,epsilon,true_answer,laplace_answer,discrete_laplace_answer,gaussian_answer,discrete_gaussian_answer,a1b1_result,a2b1_result,a3b1_result,a1b2_result,a2b2_result,a3b2_result
0,Which state has the highest average cost for Heart Failure?,0.3,"""NJ""","""NJ""","""NJ""","""NJ""","""NJ""","""NJ""","""NJ""","""NJ""","""NJ""","""NJ""","""NJ"""
1,How many hospitals have a Experience rating of Below?,1.9,"""The result is [DP]1070[/DP].""","""The result is 1070.66.""","""The result is 1045.0.""","""The result is 1070.3.""","""The result is 1070.0.""","""The result is [DP]999.9999[/DP].""","""The result is [DP]0.0[/DP].""","""The result is [DP]999.9977[/DP].""","""The result is [DP]999.9986[/DP].""","""The result is [DP]962.5193[/DP].""","""The result is [DP]999.9998[/DP]."""
2,How many hospitals have a value of Higher for Heart Attack?,0.7,"""The result is [DP]199[/DP].""","""The result is 200.52.""","""The result is 199.0.""","""The result is 192.63.""","""The result is 200.0.""","""The result is [DP]896.8292[/DP].""","""The result is [DP]0.0[/DP].""","""The result is [DP]5.3457[/DP].""","""The result is [DP]0.0015[/DP].""","""The result is [DP]489.0834[/DP].""","""The result is [DP]127.1122[/DP]."""
3,How many hospitals have a quality of Worse for Heart Attack?,1.3,"""The result is [DP]24[/DP].""","""The result is 24.07.""","""The result is 25.0.""","""The result is 31.79.""","""The result is 21.0.""","""The result is [DP]18.0533[/DP].""","""The result is [DP]0.0[/DP].""","""The result is [DP]2.3673[/DP].""","""The result is [DP]997.6971[/DP].""","""The result is [DP]726.5611[/DP].""","""The result is [DP]2.7836[/DP]."""
4,How many hospitals have a quality of Average for Heart Failure?,1.6,"""The result is [DP]3027[/DP].""","""The result is 3026.83.""","""The result is 3021.0.""","""The result is 3029.83.""","""The result is 3028.0.""","""The result is [DP]997.745[/DP].""","""The result is [DP]nan[/DP].""","""The result is [DP]999.9998[/DP].""","""The result is [DP]568.3676[/DP].""","""The result is [DP]0.0[/DP].""","""The result is [DP]999.9969[/DP]."""
5,How many hospitals have a Mortality rating of Same?,1.4,"""The result is [DP]2663[/DP].""","""The result is 2663.25.""","""The result is 2658.0.""","""The result is 2659.37.""","""The result is 2663.0.""","""The result is [DP]997.5609[/DP].""","""The result is [DP]581.4155[/DP].""","""The result is [DP]999.9983[/DP].""","""The result is [DP]25.8198[/DP].""","""The result is [DP]0.0[/DP].""","""The result is [DP]999.9999[/DP]."""
6,Which state has the highest average cost for Heart Failure?,1.7,"""NJ""","""NJ""","""NJ""","""NJ""","""NJ""","""NJ""","""NJ""","""NJ""","""NJ""","""NJ""","""NJ"""
7,How many hospitals have a value of Higher for Heart Attack?,1.0,"""The result is [DP]199[/DP].""","""The result is 197.48.""","""The result is 200.0.""","""The result is 198.26.""","""The result is 203.0.""","""The result is [DP]989.433[/DP].""","""The result is [DP]0.0[/DP].""","""The result is [DP]56.0828[/DP].""","""The result is [DP]0.0057[/DP].""","""The result is [DP]nan[/DP].""","""The result is [DP]7.5467[/DP]."""
8,Which state has the highest average cost for Heart Failure?,0.1,"""NJ""","""NJ""","""NJ""","""NJ""","""NJ""","""NJ""","""NJ""","""NJ""","""NJ""","""NJ""","""NJ"""
9,How many hospitals have a Timeliness rating of Above?,1.8,"""The result is [DP]1275[/DP].""","""The result is 1275.4.""","""The result is 1273.0.""","""The result is 1272.64.""","""The result is 1276.0.""","""The result is [DP]1000.0[/DP].""","""The result is [DP]298.3313[/DP].""","""The result is [DP]999.9993[/DP].""","""The result is [DP]999.9817[/DP].""","""The result is [DP]89.0784[/DP].""","""The result is [DP]999.9995[/DP]."""
10,How many hospitals have a value of Unknown for Heart Attack?,1.4,"""The result is [DP]2506[/DP].""","""The result is 2507.23.""","""The result is 2509.0.""","""The result is 2504.27.""","""The result is 2506.0.""","""The result is [DP]999.9548[/DP].""","""The result is [DP]nan[/DP].""","""The result is [DP]999.9997[/DP].""","""The result is [DP]999.926[/DP].""","""The result is [DP]0.0[/DP].""","""The result is [DP]1000.0[/DP]."""
11,Which state has the highest average cost for Heart Failure?,0.7,"""NJ""","""NJ""","""NJ""","""NJ""","""NJ""","""NJ""","""NJ""","""NJ""","""NJ""","""NJ""","""NJ"""
12,Which state has the highest average cost for Pneumonia?,1.2,"""NJ""","""NJ""","""NJ""","""NJ""","""NJ""","""NJ""","""NJ""","""NJ""","""NJ""","""NJ""","""NJ"""
13,How many hospitals are there in WA?,0.1,"""The result is [DP]91[/DP].""","""The result is 62.03.""","""The result is 90.0.""","""The result is 0.""","""The result is 85.0.""","""The result is [DP]0.0018[/DP].""","""The result is [DP]nan[/DP].""","""The result is [DP]45.0094[/DP].""","""The result is [DP]0.0007[/DP].""","""The result is [DP]0.0[/DP].""","""The result is [DP]201.8184[/DP]."""
14,How many hospitals have a Experience rating of None?,1.7,"""1340""","""1340""","""1340""","""1340""","""1340""","""1000.0""","""nan""","""999.9984""","""999.9942""","""0.0""","""999.972"""
15,How many hospitals have a Effectiveness rating of None?,0.9,"""938""","""938""","""938""","""938""","""938""","""994.7699""","""nan""","""992.1492""","""999.9995""","""0.0""","""996.3721"""
16,How many hospitals have a quality of Better for Hip Knee?,0.8,"""68""","""68""","""68""","""68""","""68""","""0.0033""","""465.6861""","""173.9718""","""385.5089""","""nan""","""4.342"""
17,Which state has the highest average cost for Heart Attack?,0.5,"""NJ""","""NJ""","""NJ""","""NJ""","""NJ""","""NJ""","""NJ""","""NJ""","""NJ""","""NJ""","""NJ"""
18,How many hospitals have a Imaging rating of Below?,0.6,"""The result is [DP]432[/DP].""","""The result is 430.0.""","""The result is 432.0.""","""The result is 426.42.""","""The result is 425.0.""","""The result is [DP]0.869[/DP].""","""The result is [DP]nan[/DP].""","""The result is [DP]976.1859[/DP].""","""The result is [DP]0.0001[/DP].""","""The result is [DP]0.0[/DP].""","""The result is [DP]948.2102[/DP]."""
19,How many hospitals are there in FL?,1.4,"""The result is [DP]184[/DP].""","""The result is 183.95.""","""The result is 181.0.""","""The result is 182.88.""","""The result is 182.0.""","""The result is [DP]858.3932[/DP].""","""The result is [DP]nan[/DP].""","""The result is [DP]74.6112[/DP].""","""The result is [DP]860.9475[/DP].""","""The result is [DP]343.1285[/DP].""","""The result is [DP]19.858[/DP]."""
20,Which state has the highest average cost for Pneumonia?,0.8,"""NJ""","""NJ""","""NJ""","""NJ""","""NJ""","""NJ""","""NJ""","""NJ""","""NJ""","""NJ""","""NJ"""
21,Which state has the highest average cost for Pneumonia?,0.2,"""NJ""","""NJ""","""NJ""","""NJ""","""NJ""","""NJ""","""NJ""","""NJ""","""NJ""","""NJ""","""NJ"""
22,Which state has the highest average cost for Heart Attack?,0.7,"""NJ""","""NJ""","""NJ""","""NJ""","""NJ""","""NJ""","""NJ""","""NJ""","""NJ""","""NJ""","""NJ"""
23,How many hospitals have a Experience rating of None?,0.3,"""1340""","""1340""","""1340""","""1340""","""1340""","""999.9995""","""558.7779""","""999.997""","""1000.0""","""nan""","""1000.0"""
24,How many hospitals have a Imaging rating of Below?,1.0,"""432""","""432""","""432""","""432""","""432""","""689.2845""","""nan""","""456.4714""","""1000.0""","""nan""","""22.9485"""
25,How many hospitals have a quality of Better for Pneumonia?,1.1,"""The result is [DP]219[/DP].""","""The result is 218.29.""","""The result is 219.0.""","""The result is 222.41.""","""The result is 212.0.""","""The result is [DP]494.3186[/DP].""","""The result is [DP]892.663[/DP].""","""The result is [DP]66.7972[/DP].""","""The result is [DP]983.0667[/DP].""","""The result is [DP]0.0[/DP].""","""The result is [DP]537.204[/DP]."""
26,What is the average cost for Pneumonia procedures?,1.6,"""The result is [DP]14625.66[/DP].""","""The result is 14625.7.""","""The result is 14624.66.""","""The result is 14626.24.""","""The result is 14620.66.""","""The result is [DP]999.9788[/DP].""","""The result is [DP]500.9623[/DP].""","""The result is [DP]999.9997[/DP].""","""The result is [DP]1000.0[/DP].""","""The result is [DP]0.0[/DP].""","""The result is [DP]999.9994[/DP]."""
27,What is the average cost for Heart Attack procedures?,0.5,"""The result is [DP]11360.98[/DP].""","""The result is 11353.51.""","""The result is 11360.98.""","""The result is 11380.69.""","""The result is 11348.98.""","""The result is [DP]1000.0[/DP].""","""The result is [DP]0.0[/DP].""","""The result is [DP]999.9997[/DP].""","""The result is [DP]915.5804[/DP].""","""The result is [DP]nan[/DP].""","""The result is [DP]999.9997[/DP]."""
28,How many hospitals have a Safety rating of None?,0.9,"""2142""","""2142""","""2142""","""2142""","""2142""","""999.9889""","""nan""","""999.9972""","""999.9921""","""0.0""","""999.9996"""
29,How many hospitals have a Safety rating of Below?,1.2,"""901""","""901""","""901""","""901""","""901""","""332.0286""","""nan""","""350.2099""","""999.2046""","""0.0""","""192.158"""
30,What is the average cost for Heart Attack procedures?,0.6,"""The result is [DP]11360.98[/DP].""","""The result is 11360.74.""","""The result is 11359.98.""","""The result is 11363.5.""","""The result is 11366.98.""","""The result is [DP]1000.0[/DP].""","""The result is [DP]0.0[/DP].""","""The result is [DP]999.9999[/DP].""","""The result is [DP]999.9998[/DP].""","""The result is [DP]558.3175[/DP].""","""The result is [DP]999.9989[/DP]."""
31,How many hospitals have a Experience rating of Below?,1.6,"""The result is [DP]1070[/DP].""","""The result is 1070.01.""","""The result is 1070.0.""","""The result is 1067.5.""","""The result is 1072.0.""","""The result is [DP]999.9956[/DP].""","""The result is [DP]0.0[/DP].""","""The result is [DP]999.9999[/DP].""","""The result is [DP]999.9999[/DP].""","""The result is [DP]0.0[/DP].""","""The result is [DP]1000.0[/DP]."""
32,How many hospitals have a value of Unknown for Heart Failure?,1.7,"""The result is [DP]1300[/DP].""","""The result is 1300.89.""","""The result is 1298.0.""","""The result is 1300.36.""","""The result is 1297.0.""","""The result is [DP]999.9949[/DP].""","""The result is [DP]nan[/DP].""","""The result is [DP]999.9956[/DP].""","""The result is [DP]999.9895[/DP].""","""The result is [DP]0.0[/DP].""","""The result is [DP]999.9986[/DP]."""
33,How many hospitals have a value of Lower for Hip Knee?,1.4,"""The result is [DP]1027[/DP].""","""The result is 1027.89.""","""The result is 1028.0.""","""The result is 1029.79.""","""The result is 1023.0.""","""The result is [DP]998.9826[/DP].""","""The result is [DP]nan[/DP].""","""The result is [DP]999.9994[/DP].""","""The result is [DP]1000.0[/DP].""","""The result is [DP]0.0[/DP].""","""The result is [DP]999.9955[/DP]."""
34,What is the average cost for Heart Attack procedures?,2.0,"""The result is [DP]11360.98[/DP].""","""The result is 11361.44.""","""The result is 11361.98.""","""The result is 11363.34.""","""The result is 11357.98.""","""The result is [DP]999.9997[/DP].""","""The result is [DP]0.0[/DP].""","""The result is [DP]999.9996[/DP].""","""The result is [DP]999.4633[/DP].""","""The result is [DP]602.0597[/DP].""","""The result is [DP]999.9896[/DP]."""
35,Which state has the highest average cost for Pneumonia?,0.5,"""NJ""","""NJ""","""NJ""","""NJ""","""NJ""","""NJ""","""NJ""","""NJ""","""NJ""","""NJ""","""NJ"""
36,How many hospitals have a Effectiveness rating of None?,0.7,"""The result is [DP]918[/DP].""","""The result is 916.9.""","""The result is 918.0.""","""The result is 927.81.""","""The result is 916.0.""","""The result is [DP]110.3514[/DP].""","""The result is [DP]191.3218[/DP].""","""The result is [DP]951.0837[/DP].""","""The result is [DP]3.5859[/DP].""","""The result is [DP]nan[/DP].""","""The result is [DP]793.6035[/DP]."""
37,How many hospitals have a Timeliness rating of Above?,1.8,"""The result is [DP]1275[/DP].""","""The result is 1274.33.""","""The result is 1278.0.""","""The result is 1279.6.""","""The result is 1279.0.""","""The result is [DP]739.5768[/DP].""","""The result is [DP]814.4879[/DP].""","""The result is [DP]999.9988[/DP].""","""The result is [DP]999.9845[/DP].""","""The result is [DP]661.8228[/DP].""","""The result is [DP]999.9879[/DP]."""
38,Which state has the highest average cost for Pneumonia?,1.2,"""NJ""","""NJ""","""NJ""","""NJ""","""NJ""","""NJ""","""NJ""","""NJ""","""NJ""","""NJ""","""NJ"""
39,Which state has the highest average cost for Hip Knee?,1.6,"""MA""","""MA""","""MA""","""MA""","""MA""","""MA""","""MA""","""MA""","""MA""","""MA""","""MA"""
40,How many hospitals have a value of Unknown for Pneumonia?,1.9,"""The result is [DP]759[/DP].""","""The result is 757.72.""","""The result is 758.0.""","""The result is 757.85.""","""The result is 756.0.""","""The result is [DP]999.1763[/DP].""","""The result is [DP]978.9751[/DP].""","""The result is [DP]344.2819[/DP].""","""The result is [DP]999.7503[/DP].""","""The result is [DP]0.0[/DP].""","""The result is [DP]993.5176[/DP]."""
41,What is the average cost for Heart Failure procedures?,0.5,"""The result is [DP]12149.03[/DP].""","""The result is 12150.9.""","""The result is 12149.03.""","""The result is 12145.21.""","""The result is 12155.03.""","""The result is [DP]999.7668[/DP].""","""The result is [DP]474.2437[/DP].""","""The result is [DP]999.9818[/DP].""","""The result is [DP]1000.0[/DP].""","""The result is [DP]0.0[/DP].""","""The result is [DP]999.9999[/DP]."""
42,Which state has the highest average cost for Heart Failure?,0.3,"""NJ""","""NJ""","""NJ""","""NJ""","""NJ""","""NJ""","""NJ""","""NJ""","""NJ""","""NJ""","""NJ"""
43,Which state has the highest average cost for Heart Attack?,0.9,"""NJ""","""NJ""","""NJ""","""NJ""","""NJ""","""NJ""","""NJ""","""NJ""","""NJ""","""NJ""","""NJ"""
44,What is the average cost for Heart Failure procedures?,0.5,"""The result is [DP]12149.03[/DP].""","""The result is 12149.72.""","""The result is 12148.03.""","""The result is 12165.37.""","""The result is 12152.03.""","""The result is [DP]1000.0[/DP].""","""The result is [DP]682.1454[/DP].""","""The result is [DP]999.9971[/DP].""","""The result is [DP]880.8587[/DP].""","""The result is [DP]nan[/DP].""","""The result is [DP]1000.0[/DP]."""
45,What is the average cost for Hip Knee procedures?,1.9,"""The result is [DP]12501.07[/DP].""","""The result is 12501.23.""","""The result is 12501.07.""","""The result is 12501.8.""","""The result is 12502.07.""","""The result is [DP]1000.0[/DP].""","""The result is [DP]0.0[/DP].""","""The result is [DP]999.9855[/DP].""","""The result is [DP]999.9971[/DP].""","""The result is [DP]676.868[/DP].""","""The result is [DP]999.9999[/DP]."""
46,What is the average cost for Hip Knee procedures?,0.3,"""The result is [DP]12501.07[/DP].""","""The result is 12503.7.""","""The result is 12499.07.""","""The result is 12492.91.""","""The result is 12495.07.""","""The result is [DP]1000.0[/DP].""","""The result is [DP]nan[/DP].""","""The result is [DP]999.9991[/DP].""","""The result is [DP]41.4566[/DP].""","""The result is [DP]746.3922[/DP].""","""The result is [DP]999.9999[/DP]."""
47,How many hospitals have a Safety rating of Above?,1.7,"""The result is [DP]1185[/DP].""","""The result is 1184.22.""","""The result is 1193.0.""","""The result is 1185.04.""","""The result is 1184.0.""","""The result is [DP]999.9996[/DP].""","""The result is [DP]764.281[/DP].""","""The result is [DP]999.9975[/DP].""","""The result is [DP]988.372[/DP].""","""The result is [DP]0.0[/DP].""","""The result is [DP]999.9985[/DP]."""
48,What is the average cost for Heart Failure procedures?,0.6,"""The result is [DP]12149.03[/DP].""","""The result is 12150.9.""","""The result is 12146.03.""","""The result is 12159.49.""","""The result is 12148.03.""","""The result is [DP]1000.0[/DP].""","""The result is [DP]nan[/DP].""","""The result is [DP]999.9951[/DP].""","""The result is [DP]1000.0[/DP].""","""The result is [DP]0.0[/DP].""","""The result is [DP]999.998[/DP]."""
49,What is the average cost for Heart Failure procedures?,0.9,"""The result is [DP]12149.03[/DP].""","""The result is 12148.0.""","""The result is 12139.03.""","""The result is 12149.26.""","""The result is 12152.03.""","""The result is [DP]999.9997[/DP].""","""The result is [DP]822.779[/DP].""","""The result is [DP]999.9999[/DP].""","""The result is [DP]988.7067[/DP].""","""The result is [DP]0.0[/DP].""","""The result is [DP]999.9896[/DP]."""
50,Which state has the highest average cost for Heart Attack?,1.1,"""NJ""","""NJ""","""NJ""","""NJ""","""NJ""","""NJ""","""NJ""","""NJ""","""NJ""","""NJ""","""NJ"""
51,How many hospitals are there in MT?,1.5,"""The result is [DP]62[/DP].""","""The result is 61.0.""","""The result is 62.0.""","""The result is 59.16.""","""The result is 60.0.""","""The result is [DP]42.8151[/DP].""","""The result is [DP]nan[/DP].""","""The result is [DP]13.9387[/DP].""","""The result is [DP]999.9057[/DP].""","""The result is [DP]0.0[/DP].""","""The result is [DP]293.461[/DP]."""
52,How many hospitals have a Effectiveness rating of None?,0.1,"""938""","""938""","""938""","""938""","""938""","""999.9948""","""nan""","""967.7438""","""266.8251""","""0.0""","""795.9436"""
53,Which state has the highest average cost for Heart Failure?,1.2,"""NJ""","""NJ""","""NJ""","""NJ""","""NJ""","""NJ""","""NJ""","""NJ""","""NJ""","""NJ""","""NJ"""
54,How many hospitals have a Experience rating of Above?,1.3,"""The result is [DP]1151[/DP].""","""The result is 1151.15.""","""The result is 1149.0.""","""The result is 1146.2.""","""The result is 1143.0.""","""The result is [DP]1000.0[/DP].""","""The result is [DP]735.0757[/DP].""","""The result is [DP]999.9986[/DP].""","""The result is [DP]1000.0[/DP].""","""The result is [DP]nan[/DP].""","""The result is [DP]999.995[/DP]."""
55,How many hospitals are there in DC?,1.1,"""The result is [DP]8[/DP].""","""The result is 9.53.""","""The result is 6.0.""","""The result is 9.5.""","""The result is 10.0.""","""The result is [DP]0.0021[/DP].""","""The result is [DP]0.0[/DP].""","""The result is [DP]71.4554[/DP].""","""The result is [DP]0.1632[/DP].""","""The result is [DP]891.7756[/DP].""","""The result is [DP]1.7122[/DP]."""
56,How many hospitals have a Experience rating of None?,1.7,"""1340""","""1340""","""1340""","""1340""","""1340""","""999.9997""","""nan""","""999.9971""","""999.2454""","""864.125""","""999.9999"""
57,Which state has the highest average cost for Heart Attack?,0.2,"""NJ""","""NJ""","""NJ""","""NJ""","""NJ""","""NJ""","""NJ""","""NJ""","""NJ""","""NJ""","""NJ"""
58,How many hospitals are there in DC?,0.2,"""The result is [DP]8[/DP].""","""The result is 7.0.""","""The result is 7.0.""","""The result is 0.""","""The result is 0.""","""The result is [DP]0.0005[/DP].""","""The result is [DP]nan[/DP].""","""The result is [DP]4.7807[/DP].""","""The result is [DP]0.8566[/DP].""","""The result is [DP]nan[/DP].""","""The result is [DP]0.3808[/DP]."""
59,How many hospitals have a quality of Better for Heart Failure?,1.2,"""The result is [DP]196[/DP].""","""The result is 193.69.""","""The result is 201.0.""","""The result is 194.84.""","""The result is 198.0.""","""The result is [DP]11.2559[/DP].""","""The result is [DP]nan[/DP].""","""The result is [DP]352.4315[/DP].""","""The result is [DP]1.8557[/DP].""","""The result is [DP]0.0[/DP].""","""The result is [DP]245.488[/DP]."""
60,How many hospitals have a quality of Worse for Hip Knee?,0.2,"""The result is [DP]44[/DP].""","""The result is 71.46.""","""The result is 44.0.""","""The result is 46.74.""","""The result is 85.0.""","""The result is [DP]20.5892[/DP].""","""The result is [DP]nan[/DP].""","""The result is [DP]438.1666[/DP].""","""The result is [DP]0.0001[/DP].""","""The result is [DP]376.5293[/DP].""","""The result is [DP]129.1939[/DP]."""
61,How many hospitals have a Timeliness rating of Below?,1.7,"""The result is [DP]1056[/DP].""","""The result is 1054.32.""","""The result is 1055.0.""","""The result is 1051.75.""","""The result is 1053.0.""","""The result is [DP]1000.0[/DP].""","""The result is [DP]0.0[/DP].""","""The result is [DP]999.9957[/DP].""","""The result is [DP]1000.0[/DP].""","""The result is [DP]800.4972[/DP].""","""The result is [DP]999.9615[/DP]."""
62,How many hospitals have a value of Average for Pneumonia?,1.1,"""The result is [DP]2338[/DP].""","""The result is 2337.07.""","""The result is 2336.0.""","""The result is 2334.06.""","""The result is 2342.0.""","""The result is [DP]999.9348[/DP].""","""The result is [DP]0.0[/DP].""","""The result is [DP]999.9995[/DP].""","""The result is [DP]999.9999[/DP].""","""The result is [DP]0.0[/DP].""","""The result is [DP]999.9965[/DP]."""
63,Which state has the highest average cost for Pneumonia?,0.6,"""NJ""","""NJ""","""NJ""","""NJ""","""NJ""","""NJ""","""NJ""","""NJ""","""NJ""","""NJ""","""NJ"""
64,How many hospitals have a Experience rating of None?,0.1,"""1340""","""1340""","""1340""","""1340""","""1340""","""1000.0""","""0.0""","""999.9997""","""1000.0""","""0.0""","""999.9927"""
65,How many hospitals have a value of Higher for Heart Attack?,2.0,"""The result is [DP]199[/DP].""","""The result is 197.33.""","""The result is 201.0.""","""The result is 197.41.""","""The result is 199.0.""","""The result is [DP]11.0344[/DP].""","""The result is [DP]nan[/DP].""","""The result is [DP]168.6758[/DP].""","""The result is [DP]0.0[/DP].""","""The result is [DP]nan[/DP].""","""The result is [DP]408.9464[/DP]."""
66,How many hospitals have a quality of Average for Hip Knee?,0.2,"""2615""","""2615""","""2615""","""2615""","""2615""","""1000.0""","""nan""","""999.9794""","""1000.0""","""0.0""","""999.9722"""
67,How many hospitals have a quality of Worse for Heart Attack?,1.0,"""The result is [DP]24[/DP].""","""The result is 22.46.""","""The result is 24.0.""","""The result is 31.56.""","""The result is 18.0.""","""The result is [DP]581.6285[/DP].""","""The result is [DP]959.2317[/DP].""","""The result is [DP]179.5875[/DP].""","""The result is [DP]993.8319[/DP].""","""The result is [DP]nan[/DP].""","""The result is [DP]131.4473[/DP]."""
68,How many hospitals are there in MO?,1.8,"""The result is [DP]111[/DP].""","""The result is 111.48.""","""The result is 111.0.""","""The result is 108.51.""","""The result is 115.0.""","""The result is [DP]980.0789[/DP].""","""The result is [DP]nan[/DP].""","""The result is [DP]724.5454[/DP].""","""The result is [DP]0.0[/DP].""","""The result is [DP]nan[/DP].""","""The result is [DP]194.4886[/DP]."""
69,What is the average cost for Hip Knee procedures?,0.9,"""The result is [DP]12501.07[/DP].""","""The result is 12498.77.""","""The result is 12502.07.""","""The result is 12497.24.""","""The result is 12501.07.""","""The result is [DP]999.992[/DP].""","""The result is [DP]774.4593[/DP].""","""The result is [DP]999.9998[/DP].""","""The result is [DP]1000.0[/DP].""","""The result is [DP]451.9873[/DP].""","""The result is [DP]999.9999[/DP]."""
70,How many hospitals are there in IA?,0.2,"""The result is [DP]116[/DP].""","""The result is 112.37.""","""The result is 116.0.""","""The result is 122.89.""","""The result is 157.0.""","""The result is [DP]789.8428[/DP].""","""The result is [DP]771.603[/DP].""","""The result is [DP]69.143[/DP].""","""The result is [DP]1000.0[/DP].""","""The result is [DP]nan[/DP].""","""The result is [DP]20.2245[/DP]."""
71,How many hospitals have a quality of Unknown for Hip Knee?,0.4,"""The result is [DP]2045[/DP].""","""The result is 2044.84.""","""The result is 2045.0.""","""The result is 2044.99.""","""The result is 2054.0.""","""The result is [DP]1000.0[/DP].""","""The result is [DP]0.0[/DP].""","""The result is [DP]999.9988[/DP].""","""The result is [DP]999.9891[/DP].""","""The result is [DP]nan[/DP].""","""The result is [DP]999.9915[/DP]."""
72,How many hospitals have a Readmission rating of Above?,0.4,"""The result is [DP]1508[/DP].""","""The result is 1506.95.""","""The result is 1508.0.""","""The result is 1489.45.""","""The result is 1507.0.""","""The result is [DP]1000.0[/DP].""","""The result is [DP]856.3922[/DP].""","""The result is [DP]999.9999[/DP].""","""The result is [DP]967.0094[/DP].""","""The result is [DP]0.0[/DP].""","""The result is [DP]999.9998[/DP]."""
73,How many hospitals have a Mortality rating of Below?,0.1,"""The result is [DP]345[/DP].""","""The result is 337.35.""","""The result is 345.0.""","""The result is 407.07.""","""The result is 334.0.""","""The result is [DP]0.0001[/DP].""","""The result is [DP]nan[/DP].""","""The result is [DP]606.0449[/DP].""","""The result is [DP]973.7783[/DP].""","""The result is [DP]nan[/DP].""","""The result is [DP]44.9945[/DP]."""
74,How many hospitals are there in TN?,1.3,"""The result is [DP]105[/DP].""","""The result is 104.66.""","""The result is 106.0.""","""The result is 99.66.""","""The result is 110.0.""","""The result is [DP]23.778[/DP].""","""The result is [DP]nan[/DP].""","""The result is [DP]47.5735[/DP].""","""The result is [DP]133.6519[/DP].""","""The result is [DP]nan[/DP].""","""The result is [DP]41.9393[/DP]."""
75,How many hospitals have a value of Lower for Heart Attack?,0.9,"""192""","""192""","""192""","""192""","""192""","""162.2619""","""nan""","""690.6926""","""0.0""","""nan""","""123.0893"""
76,Which state has the highest average cost for Hip Knee?,1.1,"""MA""","""MA""","""MA""","""MA""","""MA""","""MA""","""MA""","""MA""","""MA""","""MA""","""MA"""
77,How many hospitals are there in ND?,0.5,"""The result is [DP]44[/DP].""","""The result is 54.99.""","""The result is 44.0.""","""The result is 55.61.""","""The result is 49.0.""","""The result is [DP]1.9359[/DP].""","""The result is [DP]918.9915[/DP].""","""The result is [DP]320.5292[/DP].""","""The result is [DP]999.5267[/DP].""","""The result is [DP]864.4727[/DP].""","""The result is [DP]2.7342[/DP]."""
78,How many hospitals have a Experience rating of None?,1.3,"""1340""","""1340""","""1340""","""1340""","""1340""","""999.9998""","""0.0""","""999.9931""","""1000.0""","""0.0""","""1000.0"""
79,How many hospitals have a Experience rating of Below?,0.5,"""The result is [DP]1070[/DP].""","""The result is 1069.7.""","""The result is 1069.0.""","""The result is 1088.2.""","""The result is 1073.0.""","""The result is [DP]999.9991[/DP].""","""The result is [DP]0.0[/DP].""","""The result is [DP]999.9996[/DP].""","""The result is [DP]15.2318[/DP].""","""The result is [DP]0.0[/DP].""","""The result is [DP]999.9859[/DP]."""
80,How many hospitals have a Safety rating of Above?,1.9,"""The result is [DP]1185[/DP].""","""The result is 1185.16.""","""The result is 1179.0.""","""The result is 1185.32.""","""The result is 1186.0.""","""The result is [DP]999.4606[/DP].""","""The result is [DP]nan[/DP].""","""The result is [DP]999.9956[/DP].""","""The result is [DP]993.0799[/DP].""","""The result is [DP]nan[/DP].""","""The result is [DP]999.994[/DP]."""
81,Which state has the highest average cost for Heart Failure?,0.8,"""NJ""","""NJ""","""NJ""","""NJ""","""NJ""","""NJ""","""NJ""","""NJ""","""NJ""","""NJ""","""NJ"""
82,Which state has the highest average cost for Hip Knee?,1.9,"""MA""","""MA""","""MA""","""MA""","""MA""","""MA""","""MA""","""MA""","""MA""","""MA""","""MA"""
83,How many hospitals have a Mortality rating of Above?,1.6,"""The result is [DP]383[/DP].""","""The result is 382.45.""","""The result is 383.0.""","""The result is 381.26.""","""The result is 379.0.""","""The result is [DP]977.9898[/DP].""","""The result is [DP]680.1765[/DP].""","""The result is [DP]689.0597[/DP].""","""The result is [DP]999.8609[/DP].""","""The result is [DP]890.038[/DP].""","""The result is [DP]956.6169[/DP]."""
84,How many hospitals have a Timeliness rating of Above?,0.5,"""The result is [DP]1255[/DP].""","""The result is 1254.22.""","""The result is 1254.0.""","""The result is 1267.28.""","""The result is 1269.0.""","""The result is [DP]1000.0[/DP].""","""The result is [DP]0.0[/DP].""","""The result is [DP]999.9992[/DP].""","""The result is [DP]1000.0[/DP].""","""The result is [DP]nan[/DP].""","""The result is [DP]999.9649[/DP]."""
85,How many hospitals have a quality of Average for Heart Failure?,1.3,"""The result is [DP]3141[/DP].""","""The result is 3140.83.""","""The result is 3141.0.""","""The result is 3140.92.""","""The result is 3141.0.""","""The result is [DP]999.9999[/DP].""","""The result is [DP]0.0[/DP].""","""The result is [DP]999.9978[/DP].""","""The result is [DP]999.9425[/DP].""","""The result is [DP]nan[/DP].""","""The result is [DP]999.979[/DP]."""
86,What is the average cost for Heart Failure procedures?,0.5,"""The result is [DP]12149.03[/DP].""","""The result is 12148.74.""","""The result is 12149.03.""","""The result is 12156.53.""","""The result is 12151.03.""","""The result is [DP]999.7586[/DP].""","""The result is [DP]0.0[/DP].""","""The result is [DP]999.9998[/DP].""","""The result is [DP]999.992[/DP].""","""The result is [DP]0.0[/DP].""","""The result is [DP]999.9883[/DP]."""
87,Which state has the highest average cost for Pneumonia?,0.4,"""NJ""","""NJ""","""NJ""","""NJ""","""NJ""","""NJ""","""NJ""","""NJ""","""NJ""","""NJ""","""NJ"""
88,How many hospitals are there in PR?,0.5,"""The result is [DP]52[/DP].""","""The result is 53.7.""","""The result is 52.0.""","""The result is 53.83.""","""The result is 58.0.""","""The result is [DP]117.7279[/DP].""","""The result is [DP]nan[/DP].""","""The result is [DP]210.5547[/DP].""","""The result is [DP]999.9998[/DP].""","""The result is [DP]nan[/DP].""","""The result is [DP]498.1157[/DP]."""
89,How many hospitals are there in AK?,0.4,"""The result is [DP]22[/DP].""","""The result is 10.48.""","""The result is 25.0.""","""The result is 33.76.""","""The result is 11.0.""","""The result is [DP]17.1475[/DP].""","""The result is [DP]nan[/DP].""","""The result is [DP]52.1382[/DP].""","""The result is [DP]0.1249[/DP].""","""The result is [DP]nan[/DP].""","""The result is [DP]95.9553[/DP]."""
90,Which state has the highest average cost for Heart Failure?,1.1,"""NJ""","""NJ""","""NJ""","""NJ""","""NJ""","""NJ""","""NJ""","""NJ""","""NJ""","""NJ""","""NJ"""
91,How many hospitals are there in MN?,0.1,"""The result is [DP]129[/DP].""","""The result is 133.93.""","""The result is 129.0.""","""The result is 139.24.""","""The result is 112.0.""","""The result is [DP]0.0155[/DP].""","""The result is [DP]357.6121[/DP].""","""The result is [DP]226.6482[/DP].""","""The result is [DP]0.0[/DP].""","""The result is [DP]0.0[/DP].""","""The result is [DP]37.403[/DP]."""
92,How many hospitals are there in PR?,1.7,"""The result is [DP]52[/DP].""","""The result is 52.61.""","""The result is 38.0.""","""The result is 51.48.""","""The result is 51.0.""","""The result is [DP]26.5525[/DP].""","""The result is [DP]90.7448[/DP].""","""The result is [DP]38.2201[/DP].""","""The result is [DP]808.203[/DP].""","""The result is [DP]nan[/DP].""","""The result is [DP]584.1716[/DP]."""
93,How many hospitals have a Safety rating of Above?,0.6,"""The result is [DP]1185[/DP].""","""The result is 1186.23.""","""The result is 1184.0.""","""The result is 1192.15.""","""The result is 1184.0.""","""The result is [DP]726.5416[/DP].""","""The result is [DP]0.0[/DP].""","""The result is [DP]999.9998[/DP].""","""The result is [DP]1000.0[/DP].""","""The result is [DP]nan[/DP].""","""The result is [DP]999.9841[/DP]."""
94,How many hospitals are there in AL?,1.9,"""The result is [DP]90[/DP].""","""The result is 89.88.""","""The result is 95.0.""","""The result is 96.8.""","""The result is 93.0.""","""The result is [DP]0.0065[/DP].""","""The result is [DP]nan[/DP].""","""The result is [DP]533.6667[/DP].""","""The result is [DP]0.0141[/DP].""","""The result is [DP]685.7643[/DP].""","""The result is [DP]1.8809[/DP]."""
95,What is the average cost for Heart Failure procedures?,0.7,"""The result is [DP]12149.03[/DP].""","""The result is 12148.18.""","""The result is 12149.03.""","""The result is 12155.85.""","""The result is 12157.03.""","""The result is [DP]999.8435[/DP].""","""The result is [DP]nan[/DP].""","""The result is [DP]999.9944[/DP].""","""The result is [DP]1000.0[/DP].""","""The result is [DP]nan[/DP].""","""The result is [DP]999.9905[/DP]."""
96,How many hospitals have a Safety rating of Below?,0.2,"""901""","""901""","""901""","""901""","""901""","""865.9145""","""760.561""","""962.9737""","""20.5293""","""0.0""","""313.5871"""
97,How many hospitals have a value of Lower for Heart Failure?,1.9,"""414""","""414""","""414""","""414""","""414""","""12.5144""","""nan""","""591.1211""","""0.0""","""708.3877""","""879.4932"""
98,Which state has the highest average cost for Pneumonia?,1.2,"""NJ""","""NJ""","""NJ""","""NJ""","""NJ""","""NJ""","""NJ""","""NJ""","""NJ""","""NJ""","""NJ"""
99,How many hospitals are there in TN?,1.4,"""The result is [DP]105[/DP].""","""The result is 103.34.""","""The result is 107.0.""","""The result is 105.18.""","""The result is 104.0.""","""The result is [DP]364.6547[/DP].""","""The result is [DP]nan[/DP].""","""The result is [DP]167.4439[/DP].""","""The result is [DP]0.0791[/DP].""","""The result is [DP]nan[/DP].""","""The result is [DP]430.2359[/DP]."""
100,How many hospitals have a value of Average for Heart Failure?,0.6,"""2522""","""2522""","""2522""","""2522""","""2522""","""999.8851""","""nan""","""999.9947""","""1000.0""","""nan""","""999.9853"""
101,How many hospitals have a Mortality rating of None?,1.0,"""1375""","""1375""","""1375""","""1375""","""1375""","""287.8115""","""0.0""","""999.9999""","""3.3716""","""933.4552""","""999.9825"""
102,Which state has the highest average cost for Hip Knee?,1.1,"""MA""","""MA""","""MA""","""MA""","""MA""","""MA""","""MA""","""MA""","""MA""","""MA""","""MA"""
103,How many hospitals have a quality of Unknown for Hip Knee?,1.6,"""The result is [DP]2045[/DP].""","""The result is 2043.98.""","""The result is 2045.0.""","""The result is 2049.36.""","""The result is 2044.0.""","""The result is [DP]999.3504[/DP].""","""The result is [DP]408.7996[/DP].""","""The result is [DP]999.996[/DP].""","""The result is [DP]1000.0[/DP].""","""The result is [DP]nan[/DP].""","""The result is [DP]999.9997[/DP]."""
104,What is the average cost for Heart Attack procedures?,1.0,"""The result is [DP]11360.98[/DP].""","""The result is 11359.9.""","""The result is 11361.98.""","""The result is 11360.91.""","""The result is 11365.98.""","""The result is [DP]998.5934[/DP].""","""The result is [DP]0.0[/DP].""","""The result is [DP]999.9985[/DP].""","""The result is [DP]1000.0[/DP].""","""The result is [DP]716.7613[/DP].""","""The result is [DP]999.9869[/DP]."""
105,What is the average cost for Heart Attack procedures?,0.2,"""The result is [DP]11360.98[/DP].""","""The result is 11359.98.""","""The result is 11360.98.""","""The result is 11341.73.""","""The result is 11371.98.""","""The result is [DP]1000.0[/DP].""","""The result is [DP]0.0[/DP].""","""The result is [DP]999.9982[/DP].""","""The result is [DP]297.1642[/DP].""","""The result is [DP]0.0[/DP].""","""The result is [DP]999.9994[/DP]."""
106,How many hospitals have a quality of Average for Heart Attack?,1.7,"""The result is [DP]2197[/DP].""","""The result is 2196.98.""","""The result is 2195.0.""","""The result is 2197.64.""","""The result is 2192.0.""","""The result is [DP]999.9999[/DP].""","""The result is [DP]944.398[/DP].""","""The result is [DP]999.9874[/DP].""","""The result is [DP]997.429[/DP].""","""The result is [DP]0.0[/DP].""","""The result is [DP]999.995[/DP]."""
107,How many hospitals have a value of Average for Hip Knee?,1.5,"""The result is [DP]1033[/DP].""","""The result is 1033.28.""","""The result is 1027.0.""","""The result is 1034.67.""","""The result is 1027.0.""","""The result is [DP]999.9173[/DP].""","""The result is [DP]0.0[/DP].""","""The result is [DP]999.9999[/DP].""","""The result is [DP]980.2873[/DP].""","""The result is [DP]nan[/DP].""","""The result is [DP]999.9765[/DP]."""
108,Which state has the highest average cost for Heart Attack?,0.5,"""NJ""","""NJ""","""NJ""","""NJ""","""NJ""","""NJ""","""NJ""","""NJ""","""NJ""","""NJ""","""NJ"""
109,How many hospitals have a quality of Better for Heart Attack?,0.8,"""The result is [DP]45[/DP].""","""The result is 45.0.""","""The result is 45.0.""","""The result is 48.4.""","""The result is 54.0.""","""The result is [DP]980.8837[/DP].""","""The result is [DP]nan[/DP].""","""The result is [DP]10.4685[/DP].""","""The result is [DP]999.9134[/DP].""","""The result is [DP]nan[/DP].""","""The result is [DP]506.7594[/DP]."""
110,What is the average cost for Hip Knee procedures?,0.4,"""The result is [DP]12501.07[/DP].""","""The result is 12503.89.""","""The result is 12500.07.""","""The result is 12507.91.""","""The result is 12525.07.""","""The result is [DP]999.9866[/DP].""","""The result is [DP]nan[/DP].""","""The result is [DP]999.9982[/DP].""","""The result is [DP]1000.0[/DP].""","""The result is [DP]0.0[/DP].""","""The result is [DP]999.9872[/DP]."""
111,Which state has the highest average cost for Heart Attack?,1.0,"""NJ""","""NJ""","""NJ""","""NJ""","""NJ""","""NJ""","""NJ""","""NJ""","""NJ""","""NJ""","""NJ"""
112,How many hospitals have a Imaging rating of Same?,0.2,"""The result is [DP]2174[/DP].""","""The result is 2171.9.""","""The result is 2174.0.""","""The result is 2247.37.""","""The result is 2178.0.""","""The result is [DP]999.9999[/DP].""","""The result is [DP]0.0[/DP].""","""The result is [DP]999.9996[/DP].""","""The result is [DP]992.5487[/DP].""","""The result is [DP]0.0[/DP].""","""The result is [DP]999.9961[/DP]."""
113,What is the average cost for Pneumonia procedures?,1.1,"""The result is [DP]14625.66[/DP].""","""The result is 14625.0.""","""The result is 14627.66.""","""The result is 14627.55.""","""The result is 14628.66.""","""The result is [DP]999.9018[/DP].""","""The result is [DP]737.7567[/DP].""","""The result is [DP]999.9952[/DP].""","""The result is [DP]116.6883[/DP].""","""The result is [DP]0.0[/DP].""","""The result is [DP]999.9814[/DP]."""
114,What is the average cost for Pneumonia procedures?,1.7,"""The result is [DP]14625.66[/DP].""","""The result is 14625.26.""","""The result is 14625.66.""","""The result is 14622.95.""","""The result is 14622.66.""","""The result is [DP]999.9764[/DP].""","""The result is [DP]673.3662[/DP].""","""The result is [DP]999.993[/DP].""","""The result is [DP]1000.0[/DP].""","""The result is [DP]0.0[/DP].""","""The result is [DP]999.9999[/DP]."""
115,Which state has the highest average cost for Hip Knee?,1.3,"""MA""","""MA""","""MA""","""MA""","""MA""","""MA""","""MA""","""MA""","""MA""","""MA""","""MA"""
116,Which state has the highest average cost for Pneumonia?,1.5,"""NJ""","""NJ""","""NJ""","""NJ""","""NJ""","""NJ""","""NJ""","""NJ""","""NJ""","""NJ""","""NJ"""
117,What is the average cost for Heart Attack procedures?,1.0,"""The result is [DP]11360.98[/DP].""","""The result is 11359.49.""","""The result is 11361.98.""","""The result is 11356.17.""","""The result is 11352.98.""","""The result is [DP]975.5884[/DP].""","""The result is [DP]nan[/DP].""","""The result is [DP]999.9996[/DP].""","""The result is [DP]192.595[/DP].""","""The result is [DP]nan[/DP].""","""The result is [DP]999.9974[/DP]."""
118,What is the average cost for Hip Knee procedures?,0.1,"""The result is [DP]12501.07[/DP].""","""The result is 12479.83.""","""The result is 12501.07.""","""The result is 12557.4.""","""The result is 12473.07.""","""The result is [DP]1000.0[/DP].""","""The result is [DP]0.0[/DP].""","""The result is [DP]999.9988[/DP].""","""The result is [DP]34.4539[/DP].""","""The result is [DP]nan[/DP].""","""The result is [DP]999.9999[/DP]."""
119,How many hospitals have a Safety rating of Above?,0.2,"""The result is [DP]1185[/DP].""","""The result is 1186.61.""","""The result is 1186.0.""","""The result is 1179.26.""","""The result is 1187.0.""","""The result is [DP]1000.0[/DP].""","""The result is [DP]nan[/DP].""","""The result is [DP]999.9887[/DP].""","""The result is [DP]999.9991[/DP].""","""The result is [DP]nan[/DP].""","""The result is [DP]999.9993[/DP]."""
120,How many hospitals have a quality of Worse for Hip Knee?,0.4,"""The result is [DP]44[/DP].""","""The result is 44.22.""","""The result is 44.0.""","""The result is 24.98.""","""The result is 48.0.""","""The result is [DP]999.0113[/DP].""","""The result is [DP]nan[/DP].""","""The result is [DP]151.7862[/DP].""","""The result is [DP]0.5918[/DP].""","""The result is [DP]558.3118[/DP].""","""The result is [DP]3.7829[/DP]."""
121,How many hospitals have a Experience rating of None?,0.2,"""1340""","""1340""","""1340""","""1340""","""1340""","""999.9908""","""0.0""","""999.9832""","""2.3192""","""nan""","""999.9997"""
122,How many hospitals are there in MA?,0.7,"""The result is [DP]62[/DP].""","""The result is 62.81.""","""The result is 62.0.""","""The result is 64.44.""","""The result is 67.0.""","""The result is [DP]24.3651[/DP].""","""The result is [DP]nan[/DP].""","""The result is [DP]148.511[/DP].""","""The result is [DP]0.0001[/DP].""","""The result is [DP]529.4419[/DP].""","""The result is [DP]445.8468[/DP]."""
123,How many hospitals have a value of Lower for Pneumonia?,0.9,"""The result is [DP]868[/DP].""","""The result is 870.36.""","""The result is 866.0.""","""The result is 867.67.""","""The result is 857.0.""","""The result is [DP]998.9724[/DP].""","""The result is [DP]nan[/DP].""","""The result is [DP]979.8046[/DP].""","""The result is [DP]998.3702[/DP].""","""The result is [DP]0.0[/DP].""","""The result is [DP]995.0371[/DP]."""
124,What is the average cost for Hip Knee procedures?,1.7,"""The result is [DP]12501.07[/DP].""","""The result is 12501.4.""","""The result is 12501.07.""","""The result is 12504.77.""","""The result is 12495.07.""","""The result is [DP]1000.0[/DP].""","""The result is [DP]nan[/DP].""","""The result is [DP]999.9926[/DP].""","""The result is [DP]294.0437[/DP].""","""The result is [DP]nan[/DP].""","""The result is [DP]999.9996[/DP]."""
125,How many hospitals have a quality of Unknown for Hip Knee?,1.1,"""The result is [DP]2045[/DP].""","""The result is 2046.02.""","""The result is 2045.0.""","""The result is 2039.8.""","""The result is 2046.0.""","""The result is [DP]999.9976[/DP].""","""The result is [DP]nan[/DP].""","""The result is [DP]999.9951[/DP].""","""The result is [DP]442.5664[/DP].""","""The result is [DP]nan[/DP].""","""The result is [DP]999.9996[/DP]."""
126,How many hospitals have a Experience rating of Same?,1.5,"""The result is [DP]1156[/DP].""","""The result is 1155.99.""","""The result is 1159.0.""","""The result is 1160.08.""","""The result is 1156.0.""","""The result is [DP]1000.0[/DP].""","""The result is [DP]0.0[/DP].""","""The result is [DP]999.9988[/DP].""","""The result is [DP]896.8927[/DP].""","""The result is [DP]0.0[/DP].""","""The result is [DP]999.9872[/DP]."""
127,What is the average cost for Heart Failure procedures?,1.0,"""The result is [DP]12149.03[/DP].""","""The result is 12147.69.""","""The result is 12148.03.""","""The result is 12156.79.""","""The result is 12146.03.""","""The result is [DP]998.9793[/DP].""","""The result is [DP]781.3499[/DP].""","""The result is [DP]999.9989[/DP].""","""The result is [DP]999.9987[/DP].""","""The result is [DP]923.5169[/DP].""","""The result is [DP]999.9802[/DP]."""
128,How many hospitals are there in RI?,1.1,"""The result is [DP]10[/DP].""","""The result is 11.58.""","""The result is 10.0.""","""The result is 8.31.""","""The result is 9.0.""","""The result is [DP]998.081[/DP].""","""The result is [DP]nan[/DP].""","""The result is [DP]5.751[/DP].""","""The result is [DP]0.0265[/DP].""","""The result is [DP]826.2302[/DP].""","""The result is [DP]197.8105[/DP]."""
129,Which state has the highest average cost for Heart Failure?,0.6,"""NJ""","""NJ""","""NJ""","""NJ""","""NJ""","""NJ""","""NJ""","""NJ""","""NJ""","""NJ""","""NJ"""
130,What is the average cost for Heart Failure procedures?,0.4,"""The result is [DP]12149.03[/DP].""","""The result is 12147.56.""","""The result is 12148.03.""","""The result is 12159.1.""","""The result is 12152.03.""","""The result is [DP]999.9995[/DP].""","""The result is [DP]0.0[/DP].""","""The result is [DP]999.9974[/DP].""","""The result is [DP]872.9599[/DP].""","""The result is [DP]0.0[/DP].""","""The result is [DP]999.9522[/DP]."""
131,How many hospitals have a quality of Worse for Pneumonia?,0.7,"""The result is [DP]239[/DP].""","""The result is 239.32.""","""The result is 239.0.""","""The result is 231.52.""","""The result is 221.0.""","""The result is [DP]109.5448[/DP].""","""The result is [DP]nan[/DP].""","""The result is [DP]457.3007[/DP].""","""The result is [DP]999.7781[/DP].""","""The result is [DP]nan[/DP].""","""The result is [DP]184.8023[/DP]."""
132,How many hospitals are there in MA?,1.5,"""The result is [DP]62[/DP].""","""The result is 62.7.""","""The result is 60.0.""","""The result is 59.8.""","""The result is 66.0.""","""The result is [DP]999.9969[/DP].""","""The result is [DP]nan[/DP].""","""The result is [DP]6.8727[/DP].""","""The result is [DP]999.2516[/DP].""","""The result is [DP]nan[/DP].""","""The result is [DP]455.5447[/DP]."""
133,What is the average cost for Heart Attack procedures?,1.5,"""The result is [DP]11360.98[/DP].""","""The result is 11360.84.""","""The result is 11360.98.""","""The result is 11358.09.""","""The result is 11354.98.""","""The result is [DP]999.9885[/DP].""","""The result is [DP]408.5991[/DP].""","""The result is [DP]999.9938[/DP].""","""The result is [DP]1000.0[/DP].""","""The result is [DP]0.0[/DP].""","""The result is [DP]999.9996[/DP]."""
134,How many hospitals have a value of Unknown for Heart Failure?,0.9,"""The result is [DP]1300[/DP].""","""The result is 1300.83.""","""The result is 1299.0.""","""The result is 1299.34.""","""The result is 1309.0.""","""The result is [DP]999.998[/DP].""","""The result is [DP]0.0[/DP].""","""The result is [DP]999.9982[/DP].""","""The result is [DP]1000.0[/DP].""","""The result is [DP]0.0[/DP].""","""The result is [DP]999.9934[/DP]."""
135,How many hospitals have a Timeliness rating of Below?,0.3,"""The result is [DP]1056[/DP].""","""The result is 1050.28.""","""The result is 1056.0.""","""The result is 1044.98.""","""The result is 1069.0.""","""The result is [DP]999.9984[/DP].""","""The result is [DP]0.0[/DP].""","""The result is [DP]999.9993[/DP].""","""The result is [DP]450.2327[/DP].""","""The result is [DP]990.0972[/DP].""","""The result is [DP]1000.0[/DP]."""
136,How many hospitals have a value of Average for Pneumonia?,1.8,"""2338""","""2338""","""2338""","""2338""","""2338""","""991.9801""","""nan""","""999.9981""","""889.019""","""722.6416""","""999.9999"""
137,What is the average cost for Hip Knee procedures?,0.3,"""The result is [DP]12501.07[/DP].""","""The result is 12502.94.""","""The result is 12501.07.""","""The result is 12533.6.""","""The result is 12522.07.""","""The result is [DP]999.3392[/DP].""","""The result is [DP]nan[/DP].""","""The result is [DP]1000.0[/DP].""","""The result is [DP]999.404[/DP].""","""The result is [DP]nan[/DP].""","""The result is [DP]999.9936[/DP]."""
138,How many hospitals are there in KS?,0.1,"""The result is [DP]136[/DP].""","""The result is 143.1.""","""The result is 137.0.""","""The result is 83.8.""","""The result is 180.0.""","""The result is [DP]0.013[/DP].""","""The result is [DP]nan[/DP].""","""The result is [DP]570.7678[/DP].""","""The result is [DP]953.0898[/DP].""","""The result is [DP]0.0[/DP].""","""The result is [DP]5.7097[/DP]."""
139,How many hospitals are there in NE?,1.7,"""The result is [DP]89[/DP].""","""The result is 90.9.""","""The result is 92.0.""","""The result is 86.13.""","""The result is 93.0.""","""The result is [DP]0.0[/DP].""","""The result is [DP]534.7987[/DP].""","""The result is [DP]47.7572[/DP].""","""The result is [DP]0.9849[/DP].""","""The result is [DP]196.232[/DP].""","""The result is [DP]108.1509[/DP]."""
140,What is the average cost for Pneumonia procedures?,0.9,"""The result is [DP]14625.66[/DP].""","""The result is 14625.37.""","""The result is 14624.66.""","""The result is 14631.36.""","""The result is 14624.66.""","""The result is [DP]999.9986[/DP].""","""The result is [DP]nan[/DP].""","""The result is [DP]999.9992[/DP].""","""The result is [DP]1000.0[/DP].""","""The result is [DP]nan[/DP].""","""The result is [DP]999.9925[/DP]."""
141,How many hospitals are there in RI?,0.5,"""The result is [DP]10[/DP].""","""The result is 14.63.""","""The result is 10.0.""","""The result is 0.""","""The result is 16.0.""","""The result is [DP]986.5966[/DP].""","""The result is [DP]nan[/DP].""","""The result is [DP]39.957[/DP].""","""The result is [DP]997.2735[/DP].""","""The result is [DP]nan[/DP].""","""The result is [DP]0.8266[/DP]."""
142,Which state has the highest average cost for Pneumonia?,0.5,"""NJ""","""NJ""","""NJ""","""NJ""","""NJ""","""NJ""","""NJ""","""NJ""","""NJ""","""NJ""","""NJ"""
143,How many hospitals have a Effectiveness rating of Above?,1.5,"""The result is [DP]153[/DP].""","""The result is 155.11.""","""The result is 152.0.""","""The result is 157.19.""","""The result is 156.0.""","""The result is [DP]1.5107[/DP].""","""The result is [DP]0.0[/DP].""","""The result is [DP]127.6799[/DP].""","""The result is [DP]569.9794[/DP].""","""The result is [DP]0.0[/DP].""","""The result is [DP]23.7787[/DP]."""
144,How many hospitals have a value of Lower for Pneumonia?,2.0,"""The result is [DP]868[/DP].""","""The result is 867.95.""","""The result is 871.0.""","""The result is 866.07.""","""The result is 866.0.""","""The result is [DP]39.1316[/DP].""","""The result is [DP]0.0[/DP].""","""The result is [DP]906.2552[/DP].""","""The result is [DP]999.9999[/DP].""","""The result is [DP]0.0[/DP].""","""The result is [DP]994.6166[/DP]."""
145,Which state has the highest average cost for Hip Knee?,0.2,"""MA""","""MA""","""MA""","""MA""","""MA""","""MA""","""MA""","""MA""","""MA""","""MA""","""MA"""
146,What is the average cost for Hip Knee procedures?,0.2,"""The result is [DP]12501.07[/DP].""","""The result is 12501.1.""","""The result is 12501.07.""","""The result is 12495.37.""","""The result is 12538.07.""","""The result is [DP]1000.0[/DP].""","""The result is [DP]0.0[/DP].""","""The result is [DP]999.998[/DP].""","""The result is [DP]999.9999[/DP].""","""The result is [DP]0.0[/DP].""","""The result is [DP]999.9987[/DP]."""
147,Which state has the highest average cost for Heart Attack?,0.3,"""NJ""","""NJ""","""NJ""","""NJ""","""NJ""","""NJ""","""NJ""","""NJ""","""NJ""","""NJ""","""NJ"""
148,Which state has the highest average cost for Heart Failure?,0.1,"""NJ""","""NJ""","""NJ""","""NJ""","""NJ""","""NJ""","""NJ""","""NJ""","""NJ""","""NJ""","""NJ"""
149,What is the average cost for Heart Attack procedures?,1.7,"""The result is [DP]11360.98[/DP].""","""The result is 11361.55.""","""The result is 11351.98.""","""The result is 11361.16.""","""The result is 11361.98.""","""The result is [DP]202.6906[/DP].""","""The result is [DP]nan[/DP].""","""The result is [DP]999.9996[/DP].""","""The result is [DP]1000.0[/DP].""","""The result is [DP]nan[/DP].""","""The result is [DP]999.9998[/DP]."""
150,How many hospitals have a value of Higher for Heart Attack?,0.9,"""The result is [DP]199[/DP].""","""The result is 198.24.""","""The result is 197.0.""","""The result is 205.87.""","""The result is 207.0.""","""The result is [DP]690.5059[/DP].""","""The result is [DP]nan[/DP].""","""The result is [DP]445.412[/DP].""","""The result is [DP]4.7212[/DP].""","""The result is [DP]0.0[/DP].""","""The result is [DP]230.9233[/DP]."""
151,What is the average cost for Hip Knee procedures?,1.8,"""The result is [DP]12501.07[/DP].""","""The result is 12500.83.""","""The result is 12511.07.""","""The result is 12503.89.""","""The result is 12496.07.""","""The result is [DP]999.9617[/DP].""","""The result is [DP]0.0[/DP].""","""The result is [DP]999.9987[/DP].""","""The result is [DP]53.1837[/DP].""","""The result is [DP]nan[/DP].""","""The result is [DP]999.9999[/DP]."""
152,How many hospitals have a value of Higher for Hip Knee?,0.4,"""The result is [DP]667[/DP].""","""The result is 664.94.""","""The result is 668.0.""","""The result is 661.24.""","""The result is 645.0.""","""The result is [DP]994.8545[/DP].""","""The result is [DP]0.0[/DP].""","""The result is [DP]875.1475[/DP].""","""The result is [DP]989.9216[/DP].""","""The result is [DP]nan[/DP].""","""The result is [DP]360.8136[/DP]."""
153,What is the average cost for Heart Failure procedures?,0.2,"""The result is [DP]12149.03[/DP].""","""The result is 12149.65.""","""The result is 12149.03.""","""The result is 12165.95.""","""The result is 12186.03.""","""The result is [DP]983.3866[/DP].""","""The result is [DP]0.0[/DP].""","""The result is [DP]999.9968[/DP].""","""The result is [DP]999.2097[/DP].""","""The result is [DP]0.0[/DP].""","""The result is [DP]999.9998[/DP]."""
154,How many hospitals are there in CT?,1.4,"""The result is [DP]31[/DP].""","""The result is 32.41.""","""The result is 31.0.""","""The result is 31.3.""","""The result is 32.0.""","""The result is [DP]0.0086[/DP].""","""The result is [DP]nan[/DP].""","""The result is [DP]161.7334[/DP].""","""The result is [DP]999.9995[/DP].""","""The result is [DP]nan[/DP].""","""The result is [DP]301.5055[/DP]."""
155,How many hospitals are there in IL?,0.2,"""The result is [DP]178[/DP].""","""The result is 177.31.""","""The result is 178.0.""","""The result is 203.77.""","""The result is 193.0.""","""The result is [DP]0.0881[/DP].""","""The result is [DP]252.2591[/DP].""","""The result is [DP]10.6762[/DP].""","""The result is [DP]1.4871[/DP].""","""The result is [DP]0.0[/DP].""","""The result is [DP]287.1387[/DP]."""
156,How many hospitals have a value of Average for Heart Attack?,0.3,"""1875""","""1875""","""1875""","""1875""","""1875""","""1000.0""","""0.0""","""999.9975""","""1000.0""","""0.0""","""999.9979"""
157,Which state has the highest average cost for Heart Failure?,1.7,"""NJ""","""NJ""","""NJ""","""NJ""","""NJ""","""NJ""","""NJ""","""NJ""","""NJ""","""NJ""","""NJ"""
158,What is the average cost for Heart Failure procedures?,1.6,"""The result is [DP]12149.03[/DP].""","""The result is 12150.22.""","""The result is 12143.03.""","""The result is 12150.96.""","""The result is 12151.03.""","""The result is [DP]999.9996[/DP].""","""The result is [DP]658.7131[/DP].""","""The result is [DP]999.9998[/DP].""","""The result is [DP]1000.0[/DP].""","""The result is [DP]719.335[/DP].""","""The result is [DP]999.9976[/DP]."""
159,What is the average cost for Hip Knee procedures?,1.6,"""The result is [DP]12501.07[/DP].""","""The result is 12502.33.""","""The result is 12495.07.""","""The result is 12501.51.""","""The result is 12498.07.""","""The result is [DP]999.9967[/DP].""","""The result is [DP]nan[/DP].""","""The result is [DP]999.9976[/DP].""","""The result is [DP]999.9998[/DP].""","""The result is [DP]583.4666[/DP].""","""The result is [DP]999.9977[/DP]."""
160,How many hospitals are there in AR?,1.7,"""The result is [DP]77[/DP].""","""The result is 77.0.""","""The result is 76.0.""","""The result is 79.88.""","""The result is 74.0.""","""The result is [DP]999.9397[/DP].""","""The result is [DP]0.0[/DP].""","""The result is [DP]90.8517[/DP].""","""The result is [DP]593.5019[/DP].""","""The result is [DP]nan[/DP].""","""The result is [DP]707.6542[/DP]."""
161,Which state has the highest average cost for Heart Attack?,0.1,"""NJ""","""NJ""","""NJ""","""NJ""","""NJ""","""NJ""","""NJ""","""NJ""","""NJ""","""NJ""","""NJ"""
162,How many hospitals have a Safety rating of Same?,0.7,"""The result is [DP]539[/DP].""","""The result is 538.13.""","""The result is 540.0.""","""The result is 534.06.""","""The result is 541.0.""","""The result is [DP]968.5829[/DP].""","""The result is [DP]nan[/DP].""","""The result is [DP]903.5655[/DP].""","""The result is [DP]0.0001[/DP].""","""The result is [DP]nan[/DP].""","""The result is [DP]916.5433[/DP]."""
163,What is the average cost for Heart Attack procedures?,1.5,"""The result is [DP]11360.98[/DP].""","""The result is 11360.04.""","""The result is 11364.98.""","""The result is 11364.46.""","""The result is 11359.98.""","""The result is [DP]1000.0[/DP].""","""The result is [DP]0.0[/DP].""","""The result is [DP]999.9985[/DP].""","""The result is [DP]989.1372[/DP].""","""The result is [DP]0.0[/DP].""","""The result is [DP]999.9909[/DP]."""
164,How many hospitals are there in TN?,1.5,"""The result is [DP]105[/DP].""","""The result is 104.8.""","""The result is 105.0.""","""The result is 101.77.""","""The result is 104.0.""","""The result is [DP]944.0009[/DP].""","""The result is [DP]0.0[/DP].""","""The result is [DP]155.8142[/DP].""","""The result is [DP]0.0007[/DP].""","""The result is [DP]872.3343[/DP].""","""The result is [DP]120.5798[/DP]."""
165,How many hospitals are there in KS?,0.6,"""The result is [DP]136[/DP].""","""The result is 136.13.""","""The result is 136.0.""","""The result is 135.2.""","""The result is 128.0.""","""The result is [DP]0.0005[/DP].""","""The result is [DP]532.056[/DP].""","""The result is [DP]51.4945[/DP].""","""The result is [DP]0.0[/DP].""","""The result is [DP]0.0[/DP].""","""The result is [DP]139.1338[/DP]."""
166,How many hospitals have a quality of Better for Heart Failure?,0.6,"""The result is [DP]196[/DP].""","""The result is 196.68.""","""The result is 196.0.""","""The result is 192.6.""","""The result is 178.0.""","""The result is [DP]675.3431[/DP].""","""The result is [DP]0.0[/DP].""","""The result is [DP]285.0615[/DP].""","""The result is [DP]9.6593[/DP].""","""The result is [DP]0.0[/DP].""","""The result is [DP]25.6636[/DP]."""
167,What is the average cost for Heart Attack procedures?,1.9,"""The result is [DP]11360.98[/DP].""","""The result is 11361.2.""","""The result is 11363.98.""","""The result is 11360.87.""","""The result is 11364.98.""","""The result is [DP]998.642[/DP].""","""The result is [DP]0.0[/DP].""","""The result is [DP]999.9917[/DP].""","""The result is [DP]998.7747[/DP].""","""The result is [DP]0.0[/DP].""","""The result is [DP]999.959[/DP]."""
168,What is the average cost for Hip Knee procedures?,1.2,"""The result is [DP]12501.07[/DP].""","""The result is 12500.31.""","""The result is 12500.07.""","""The result is 12506.12.""","""The result is 12502.07.""","""The result is [DP]1000.0[/DP].""","""The result is [DP]nan[/DP].""","""The result is [DP]999.9997[/DP].""","""The result is [DP]999.9744[/DP].""","""The result is [DP]986.954[/DP].""","""The result is [DP]999.9991[/DP]."""
169,How many hospitals are there in CO?,0.6,"""The result is [DP]82[/DP].""","""The result is 80.51.""","""The result is 82.0.""","""The result is 90.92.""","""The result is 77.0.""","""The result is [DP]993.0584[/DP].""","""The result is [DP]878.8396[/DP].""","""The result is [DP]193.2058[/DP].""","""The result is [DP]0.0[/DP].""","""The result is [DP]nan[/DP].""","""The result is [DP]54.8609[/DP]."""
170,How many hospitals are there in NM?,1.9,"""The result is [DP]41[/DP].""","""The result is 41.29.""","""The result is 29.0.""","""The result is 44.54.""","""The result is 42.0.""","""The result is [DP]0.0024[/DP].""","""The result is [DP]561.9975[/DP].""","""The result is [DP]13.5074[/DP].""","""The result is [DP]999.9989[/DP].""","""The result is [DP]nan[/DP].""","""The result is [DP]4.4568[/DP]."""
171,How many hospitals have a value of Unknown for Heart Failure?,0.9,"""The result is [DP]1300[/DP].""","""The result is 1298.9.""","""The result is 1300.0.""","""The result is 1313.24.""","""The result is 1292.0.""","""The result is [DP]999.9998[/DP].""","""The result is [DP]nan[/DP].""","""The result is [DP]999.9998[/DP].""","""The result is [DP]279.0292[/DP].""","""The result is [DP]0.0[/DP].""","""The result is [DP]1000.0[/DP]."""
172,How many hospitals are there in IN?,1.8,"""The result is [DP]120[/DP].""","""The result is 118.18.""","""The result is 122.0.""","""The result is 123.09.""","""The result is 128.0.""","""The result is [DP]8.1784[/DP].""","""The result is [DP]nan[/DP].""","""The result is [DP]191.5506[/DP].""","""The result is [DP]5.8806[/DP].""","""The result is [DP]904.8014[/DP].""","""The result is [DP]28.5283[/DP]."""
173,How many hospitals are there in KS?,0.7,"""The result is [DP]136[/DP].""","""The result is 134.53.""","""The result is 136.0.""","""The result is 149.39.""","""The result is 140.0.""","""The result is [DP]693.3074[/DP].""","""The result is [DP]nan[/DP].""","""The result is [DP]42.8742[/DP].""","""The result is [DP]999.9754[/DP].""","""The result is [DP]nan[/DP].""","""The result is [DP]18.1496[/DP]."""
174,How many hospitals are there in AS?,1.5,"""The result is [DP]1[/DP].""","""The result is 0.36.""","""The result is 0.""","""The result is 3.5.""","""The result is 3.0.""","""The result is [DP]998.4372[/DP].""","""The result is [DP]795.6632[/DP].""","""The result is [DP]5.9378[/DP].""","""The result is [DP]999.8762[/DP].""","""The result is [DP]nan[/DP].""","""The result is [DP]8.8686[/DP]."""
175,What is the average cost for Pneumonia procedures?,2.0,"""The result is [DP]14625.66[/DP].""","""The result is 14625.22.""","""The result is 14619.66.""","""The result is 14625.77.""","""The result is 14625.66.""","""The result is [DP]1000.0[/DP].""","""The result is [DP]0.0[/DP].""","""The result is [DP]999.9973[/DP].""","""The result is [DP]999.1793[/DP].""","""The result is [DP]803.1372[/DP].""","""The result is [DP]999.9999[/DP]."""
176,How many hospitals have a Experience rating of Same?,0.5,"""The result is [DP]1156[/DP].""","""The result is 1151.14.""","""The result is 1155.0.""","""The result is 1128.5.""","""The result is 1146.0.""","""The result is [DP]1000.0[/DP].""","""The result is [DP]943.902[/DP].""","""The result is [DP]999.9993[/DP].""","""The result is [DP]999.9998[/DP].""","""The result is [DP]443.922[/DP].""","""The result is [DP]999.9562[/DP]."""
177,Which state has the highest average cost for Heart Attack?,0.9,"""NJ""","""NJ""","""NJ""","""NJ""","""NJ""","""NJ""","""NJ""","""NJ""","""NJ""","""NJ""","""NJ"""
178,How many hospitals are there in NE?,1.7,"""The result is [DP]89[/DP].""","""The result is 89.49.""","""The result is 86.0.""","""The result is 90.18.""","""The result is 84.0.""","""The result is [DP]7.4865[/DP].""","""The result is [DP]nan[/DP].""","""The result is [DP]22.5446[/DP].""","""The result is [DP]0.0057[/DP].""","""The result is [DP]nan[/DP].""","""The result is [DP]615.8291[/DP]."""
179,How many hospitals have a Timeliness rating of Below?,1.5,"""The result is [DP]1056[/DP].""","""The result is 1056.44.""","""The result is 1057.0.""","""The result is 1050.46.""","""The result is 1054.0.""","""The result is [DP]999.976[/DP].""","""The result is [DP]0.0[/DP].""","""The result is [DP]999.9999[/DP].""","""The result is [DP]1000.0[/DP].""","""The result is [DP]0.0[/DP].""","""The result is [DP]999.9861[/DP]."""
180,How many hospitals are there in VT?,0.4,"""The result is [DP]14[/DP].""","""The result is 18.6.""","""The result is 14.0.""","""The result is 21.79.""","""The result is 3.0.""","""The result is [DP]0.0019[/DP].""","""The result is [DP]0.0[/DP].""","""The result is [DP]75.4328[/DP].""","""The result is [DP]0.0[/DP].""","""The result is [DP]0.0[/DP].""","""The result is [DP]1.546[/DP]."""
181,How many hospitals have a Timeliness rating of Same?,1.5,"""The result is [DP]1428[/DP].""","""The result is 1428.1.""","""The result is 1429.0.""","""The result is 1427.35.""","""The result is 1428.0.""","""The result is [DP]999.9943[/DP].""","""The result is [DP]nan[/DP].""","""The result is [DP]999.9994[/DP].""","""The result is [DP]981.2312[/DP].""","""The result is [DP]nan[/DP].""","""The result is [DP]999.9851[/DP]."""
182,How many hospitals are there in SD?,1.9,"""The result is [DP]57[/DP].""","""The result is 58.32.""","""The result is 57.0.""","""The result is 56.21.""","""The result is 55.0.""","""The result is [DP]0.0005[/DP].""","""The result is [DP]nan[/DP].""","""The result is [DP]30.1338[/DP].""","""The result is [DP]999.9999[/DP].""","""The result is [DP]910.3394[/DP].""","""The result is [DP]513.0242[/DP]."""
183,How many hospitals are there in DE?,1.7,"""The result is [DP]7[/DP].""","""The result is 6.14.""","""The result is 7.0.""","""The result is 11.77.""","""The result is 8.0.""","""The result is [DP]998.08[/DP].""","""The result is [DP]0.0[/DP].""","""The result is [DP]8.1317[/DP].""","""The result is [DP]999.9697[/DP].""","""The result is [DP]nan[/DP].""","""The result is [DP]204.6355[/DP]."""
184,How many hospitals have a Mortality rating of Below?,0.8,"""The result is [DP]345[/DP].""","""The result is 345.16.""","""The result is 351.0.""","""The result is 342.49.""","""The result is 342.0.""","""The result is [DP]286.2747[/DP].""","""The result is [DP]0.0[/DP].""","""The result is [DP]85.3805[/DP].""","""The result is [DP]987.2408[/DP].""","""The result is [DP]0.0[/DP].""","""The result is [DP]626.9796[/DP]."""
185,How many hospitals are there in OH?,0.4,"""The result is [DP]165[/DP].""","""The result is 162.46.""","""The result is 164.0.""","""The result is 154.5.""","""The result is 185.0.""","""The result is [DP]3.0412[/DP].""","""The result is [DP]0.0[/DP].""","""The result is [DP]144.8709[/DP].""","""The result is [DP]999.996[/DP].""","""The result is [DP]0.0[/DP].""","""The result is [DP]15.033[/DP]."""
186,How many hospitals are there in AZ?,1.1,"""The result is [DP]77[/DP].""","""The result is 76.33.""","""The result is 81.0.""","""The result is 82.92.""","""The result is 75.0.""","""The result is [DP]852.7786[/DP].""","""The result is [DP]0.0[/DP].""","""The result is [DP]386.9834[/DP].""","""The result is [DP]714.9227[/DP].""","""The result is [DP]0.0[/DP].""","""The result is [DP]674.9473[/DP]."""
187,Which state has the highest average cost for Heart Failure?,0.5,"""NJ""","""NJ""","""NJ""","""NJ""","""NJ""","""NJ""","""NJ""","""NJ""","""NJ""","""NJ""","""NJ"""
188,How many hospitals have a quality of Better for Heart Attack?,1.2,"""The result is [DP]45[/DP].""","""The result is 45.02.""","""The result is 44.0.""","""The result is 49.79.""","""The result is 45.0.""","""The result is [DP]999.1149[/DP].""","""The result is [DP]99.7929[/DP].""","""The result is [DP]12.5619[/DP].""","""The result is [DP]998.0342[/DP].""","""The result is [DP]0.0[/DP].""","""The result is [DP]10.2594[/DP]."""
189,Which state has the highest average cost for Heart Failure?,1.2,"""NJ""","""NJ""","""NJ""","""NJ""","""NJ""","""NJ""","""NJ""","""NJ""","""NJ""","""NJ""","""NJ"""
190,How many hospitals have a Timeliness rating of None?,0.6,"""1013""","""1013""","""1013""","""1013""","""1013""","""1000.0""","""nan""","""999.9984""","""999.9978""","""nan""","""999.9999"""
191,What is the average cost for Heart Failure procedures?,1.4,"""The result is [DP]12149.03[/DP].""","""The result is 12149.43.""","""The result is 12149.03.""","""The result is 12143.21.""","""The result is 12147.03.""","""The result is [DP]1000.0[/DP].""","""The result is [DP]763.5608[/DP].""","""The result is [DP]999.9937[/DP].""","""The result is [DP]999.7568[/DP].""","""The result is [DP]0.0[/DP].""","""The result is [DP]999.9686[/DP]."""
192,Which state has the highest average cost for Heart Failure?,1.3,"""NJ""","""NJ""","""NJ""","""NJ""","""NJ""","""NJ""","""NJ""","""NJ""","""NJ""","""NJ""","""NJ"""
193,How many hospitals have a Experience rating of Same?,0.8,"""The result is [DP]1156[/DP].""","""The result is 1156.15.""","""The result is 1157.0.""","""The result is 1156.68.""","""The result is 1156.0.""","""The result is [DP]999.9986[/DP].""","""The result is [DP]0.0[/DP].""","""The result is [DP]999.9969[/DP].""","""The result is [DP]997.051[/DP].""","""The result is [DP]0.0[/DP].""","""The result is [DP]999.9991[/DP]."""
194,What is the average cost for Hip Knee procedures?,1.1,"""The result is [DP]12501.07[/DP].""","""The result is 12503.04.""","""The result is 12501.07.""","""The result is 12495.91.""","""The result is 12500.07.""","""The result is [DP]1000.0[/DP].""","""The result is [DP]549.1515[/DP].""","""The result is [DP]999.9977[/DP].""","""The result is [DP]1000.0[/DP].""","""The result is [DP]0.0[/DP].""","""The result is [DP]999.9996[/DP]."""
195,Which state has the highest average cost for Pneumonia?,0.7,"""NJ""","""NJ""","""NJ""","""NJ""","""NJ""","""NJ""","""NJ""","""NJ""","""NJ""","""NJ""","""NJ"""
196,How many hospitals have a Imaging rating of Same?,0.9,"""The result is [DP]2111[/DP].""","""The result is 2109.82.""","""The result is 2114.0.""","""The result is 2124.16.""","""The result is 2116.0.""","""The result is [DP]992.128[/DP].""","""The result is [DP]735.0975[/DP].""","""The result is [DP]999.9997[/DP].""","""The result is [DP]953.1277[/DP].""","""The result is [DP]0.0[/DP].""","""The result is [DP]999.9954[/DP]."""
197,How many hospitals have a Effectiveness rating of Above?,1.2,"""The result is [DP]153[/DP].""","""The result is 152.14.""","""The result is 153.0.""","""The result is 157.78.""","""The result is 157.0.""","""The result is [DP]0.4557[/DP].""","""The result is [DP]0.0[/DP].""","""The result is [DP]460.0264[/DP].""","""The result is [DP]0.0[/DP].""","""The result is [DP]nan[/DP].""","""The result is [DP]680.4668[/DP]."""
198,How many hospitals have a Experience rating of Above?,0.9,"""The result is [DP]1178[/DP].""","""The result is 1174.49.""","""The result is 1177.0.""","""The result is 1179.71.""","""The result is 1190.0.""","""The result is [DP]1000.0[/DP].""","""The result is [DP]0.0[/DP].""","""The result is [DP]999.9978[/DP].""","""The result is [DP]1000.0[/DP].""","""The result is [DP]0.0[/DP].""","""The result is [DP]999.9943[/DP]."""
199,How many hospitals have a value of Lower for Heart Attack?,1.1,"""192""","""192""","""192""","""192""","""192""","""782.282""","""0.0""","""338.8178""","""999.9999""","""nan""","""221.9862"""
200,How many hospitals have a Safety rating of None?,1.7,"""2142""","""2142""","""2142""","""2142""","""2142""","""1000.0""","""nan""","""999.9999""","""1000.0""","""0.0""","""999.9948"""
201,How many hospitals are there in WY?,0.9,"""The result is [DP]28[/DP].""","""The result is 29.34.""","""The result is 31.0.""","""The result is 31.6.""","""The result is 28.0.""","""The result is [DP]999.7494[/DP].""","""The result is [DP]nan[/DP].""","""The result is [DP]83.1806[/DP].""","""The result is [DP]70.6228[/DP].""","""The result is [DP]nan[/DP].""","""The result is [DP]30.3056[/DP]."""
202,How many hospitals have a quality of Average for Heart Failure?,1.2,"""The result is [DP]3141[/DP].""","""The result is 3140.72.""","""The result is 3131.0.""","""The result is 3142.96.""","""The result is 3139.0.""","""The result is [DP]960.3835[/DP].""","""The result is [DP]794.6949[/DP].""","""The result is [DP]999.9978[/DP].""","""The result is [DP]1000.0[/DP].""","""The result is [DP]756.4384[/DP].""","""The result is [DP]999.9999[/DP]."""
203,How many hospitals have a quality of Unknown for Heart Attack?,1.8,"""The result is [DP]2506[/DP].""","""The result is 2504.11.""","""The result is 2506.0.""","""The result is 2503.28.""","""The result is 2505.0.""","""The result is [DP]999.9998[/DP].""","""The result is [DP]0.0[/DP].""","""The result is [DP]999.9998[/DP].""","""The result is [DP]19.9931[/DP].""","""The result is [DP]0.0[/DP].""","""The result is [DP]999.9999[/DP]."""
204,How many hospitals have a quality of Unknown for Heart Attack?,1.6,"""The result is [DP]2506[/DP].""","""The result is 2506.8.""","""The result is 2501.0.""","""The result is 2510.82.""","""The result is 2504.0.""","""The result is [DP]1000.0[/DP].""","""The result is [DP]nan[/DP].""","""The result is [DP]999.9998[/DP].""","""The result is [DP]7.9401[/DP].""","""The result is [DP]849.7268[/DP].""","""The result is [DP]999.9989[/DP]."""
205,How many hospitals are there in UT?,0.4,"""The result is [DP]46[/DP].""","""The result is 45.14.""","""The result is 46.0.""","""The result is 42.85.""","""The result is 44.0.""","""The result is [DP]999.0147[/DP].""","""The result is [DP]587.5072[/DP].""","""The result is [DP]122.486[/DP].""","""The result is [DP]14.6459[/DP].""","""The result is [DP]0.0[/DP].""","""The result is [DP]3.6183[/DP]."""
206,How many hospitals have a value of Lower for Pneumonia?,1.3,"""The result is [DP]868[/DP].""","""The result is 866.81.""","""The result is 869.0.""","""The result is 866.07.""","""The result is 868.0.""","""The result is [DP]595.2133[/DP].""","""The result is [DP]nan[/DP].""","""The result is [DP]832.2828[/DP].""","""The result is [DP]1000.0[/DP].""","""The result is [DP]0.0[/DP].""","""The result is [DP]278.1482[/DP]."""
207,How many hospitals have a value of Unknown for Hip Knee?,1.2,"""The result is [DP]2045[/DP].""","""The result is 2042.69.""","""The result is 2045.0.""","""The result is 2047.56.""","""The result is 2043.0.""","""The result is [DP]999.9993[/DP].""","""The result is [DP]0.0[/DP].""","""The result is [DP]999.9998[/DP].""","""The result is [DP]1000.0[/DP].""","""The result is [DP]0.0[/DP].""","""The result is [DP]999.9985[/DP]."""
208,How many hospitals have a Mortality rating of None?,0.9,"""1375""","""1375""","""1375""","""1375""","""1375""","""994.4177""","""0.0""","""999.9984""","""20.2889""","""0.0""","""999.9975"""
209,What is the average cost for Heart Attack procedures?,0.3,"""The result is [DP]11360.98[/DP].""","""The result is 11353.35.""","""The result is 11360.98.""","""The result is 11371.47.""","""The result is 11380.98.""","""The result is [DP]999.9945[/DP].""","""The result is [DP]0.0[/DP].""","""The result is [DP]999.9993[/DP].""","""The result is [DP]1000.0[/DP].""","""The result is [DP]0.0[/DP].""","""The result is [DP]999.9892[/DP]."""
210,How many hospitals have a Safety rating of Below?,0.2,"""901""","""901""","""901""","""901""","""901""","""27.3652""","""0.0""","""985.1826""","""1000.0""","""nan""","""340.0465"""
211,How many hospitals have a Timeliness rating of None?,0.5,"""1013""","""1013""","""1013""","""1013""","""1013""","""999.9971""","""761.2124""","""999.9999""","""999.9742""","""0.0""","""999.9999"""
212,How many hospitals are there in SC?,1.2,"""The result is [DP]60[/DP].""","""The result is 59.26.""","""The result is 62.0.""","""The result is 59.5.""","""The result is 66.0.""","""The result is [DP]0.0001[/DP].""","""The result is [DP]nan[/DP].""","""The result is [DP]53.8919[/DP].""","""The result is [DP]999.998[/DP].""","""The result is [DP]0.0[/DP].""","""The result is [DP]3.845[/DP]."""
213,Which state has the highest average cost for Pneumonia?,1.2,"""NJ""","""NJ""","""NJ""","""NJ""","""NJ""","""NJ""","""NJ""","""NJ""","""NJ""","""NJ""","""NJ"""
214,How many hospitals have a value of Average for Pneumonia?,1.4,"""2338""","""2338""","""2338""","""2338""","""2338""","""1000.0""","""0.0""","""999.9999""","""999.9968""","""nan""","""999.9589"""
215,How many hospitals have a Mortality rating of Same?,2.0,"""The result is [DP]2576[/DP].""","""The result is 2575.85.""","""The result is 2575.0.""","""The result is 2577.79.""","""The result is 2581.0.""","""The result is [DP]987.2155[/DP].""","""The result is [DP]0.0[/DP].""","""The result is [DP]999.9988[/DP].""","""The result is [DP]999.9999[/DP].""","""The result is [DP]0.0[/DP].""","""The result is [DP]999.9998[/DP]."""
216,Which state has the highest average cost for Heart Failure?,0.8,"""NJ""","""NJ""","""NJ""","""NJ""","""NJ""","""NJ""","""NJ""","""NJ""","""NJ""","""NJ""","""NJ"""
217,Which state has the highest average cost for Hip Knee?,1.2,"""MA""","""MA""","""MA""","""MA""","""MA""","""MA""","""MA""","""MA""","""MA""","""MA""","""MA"""
218,Which state has the highest average cost for Pneumonia?,1.3,"""NJ""","""NJ""","""NJ""","""NJ""","""NJ""","""NJ""","""NJ""","""NJ""","""NJ""","""NJ""","""NJ"""
219,Which state has the highest average cost for Hip Knee?,1.3,"""MA""","""MA""","""MA""","""MA""","""MA""","""MA""","""MA""","""MA""","""MA""","""MA""","""MA"""
220,Which state has the highest average cost for Heart Attack?,0.9,"""NJ""","""NJ""","""NJ""","""NJ""","""NJ""","""NJ""","""NJ""","""NJ""","""NJ""","""NJ""","""NJ"""
221,How many hospitals have a Experience rating of Same?,0.5,"""The result is [DP]1156[/DP].""","""The result is 1157.35.""","""The result is 1156.0.""","""The result is 1137.48.""","""The result is 1139.0.""","""The result is [DP]1000.0[/DP].""","""The result is [DP]nan[/DP].""","""The result is [DP]999.9965[/DP].""","""The result is [DP]1000.0[/DP].""","""The result is [DP]nan[/DP].""","""The result is [DP]999.9996[/DP]."""
222,Which state has the highest average cost for Hip Knee?,1.0,"""MA""","""MA""","""MA""","""MA""","""MA""","""MA""","""MA""","""MA""","""MA""","""MA""","""MA"""
223,How many hospitals are there in WA?,1.8,"""The result is [DP]91[/DP].""","""The result is 90.39.""","""The result is 85.0.""","""The result is 96.41.""","""The result is 93.0.""","""The result is [DP]0.0[/DP].""","""The result is [DP]nan[/DP].""","""The result is [DP]4.1495[/DP].""","""The result is [DP]0.0627[/DP].""","""The result is [DP]nan[/DP].""","""The result is [DP]470.7875[/DP]."""
224,What is the average cost for Heart Attack procedures?,1.9,"""The result is [DP]11360.98[/DP].""","""The result is 11361.34.""","""The result is 11370.98.""","""The result is 11360.0.""","""The result is 11362.98.""","""The result is [DP]999.9986[/DP].""","""The result is [DP]917.1306[/DP].""","""The result is [DP]999.9979[/DP].""","""The result is [DP]999.9996[/DP].""","""The result is [DP]0.0[/DP].""","""The result is [DP]999.9999[/DP]."""
225,What is the average cost for Hip Knee procedures?,1.4,"""The result is [DP]12501.07[/DP].""","""The result is 12500.93.""","""The result is 12503.07.""","""The result is 12498.67.""","""The result is 12498.07.""","""The result is [DP]56.6635[/DP].""","""The result is [DP]0.0[/DP].""","""The result is [DP]999.9991[/DP].""","""The result is [DP]971.8923[/DP].""","""The result is [DP]nan[/DP].""","""The result is [DP]999.9998[/DP]."""
226,What is the average cost for Heart Failure procedures?,0.2,"""The result is [DP]12149.03[/DP].""","""The result is 12151.84.""","""The result is 12149.03.""","""The result is 12134.4.""","""The result is 12168.03.""","""The result is [DP]1000.0[/DP].""","""The result is [DP]0.0[/DP].""","""The result is [DP]999.9988[/DP].""","""The result is [DP]936.943[/DP].""","""The result is [DP]nan[/DP].""","""The result is [DP]999.9676[/DP]."""
227,What is the average cost for Hip Knee procedures?,1.3,"""The result is [DP]12501.07[/DP].""","""The result is 12500.37.""","""The result is 12504.07.""","""The result is 12503.34.""","""The result is 12498.07.""","""The result is [DP]667.7681[/DP].""","""The result is [DP]nan[/DP].""","""The result is [DP]999.9983[/DP].""","""The result is [DP]999.9995[/DP].""","""The result is [DP]0.0[/DP].""","""The result is [DP]999.9998[/DP]."""
228,How many hospitals have a Experience rating of None?,0.1,"""1340""","""1340""","""1340""","""1340""","""1340""","""1000.0""","""896.7077""","""999.9974""","""534.2799""","""nan""","""999.9997"""
229,How many hospitals have a value of Unknown for Pneumonia?,1.5,"""The result is [DP]759[/DP].""","""The result is 758.48.""","""The result is 750.0.""","""The result is 758.51.""","""The result is 759.0.""","""The result is [DP]266.4664[/DP].""","""The result is [DP]829.4349[/DP].""","""The result is [DP]853.1947[/DP].""","""The result is [DP]1000.0[/DP].""","""The result is [DP]394.6597[/DP].""","""The result is [DP]928.2628[/DP]."""
230,How many hospitals have a value of Average for Heart Attack?,1.4,"""1875""","""1875""","""1875""","""1875""","""1875""","""999.5204""","""nan""","""999.999""","""999.7767""","""0.0""","""999.9601"""
231,How many hospitals are there in WI?,0.6,"""The result is [DP]121[/DP].""","""The result is 120.05.""","""The result is 122.0.""","""The result is 113.57.""","""The result is 112.0.""","""The result is [DP]4.1919[/DP].""","""The result is [DP]nan[/DP].""","""The result is [DP]62.9849[/DP].""","""The result is [DP]0.0[/DP].""","""The result is [DP]0.0[/DP].""","""The result is [DP]2.644[/DP]."""
232,What is the average cost for Pneumonia procedures?,0.8,"""The result is [DP]14625.66[/DP].""","""The result is 14626.58.""","""The result is 14625.66.""","""The result is 14621.82.""","""The result is 14626.66.""","""The result is [DP]1000.0[/DP].""","""The result is [DP]0.0[/DP].""","""The result is [DP]999.9908[/DP].""","""The result is [DP]999.9983[/DP].""","""The result is [DP]0.0[/DP].""","""The result is [DP]999.9841[/DP]."""
233,How many hospitals have a quality of Unknown for Pneumonia?,1.7,"""The result is [DP]759[/DP].""","""The result is 759.12.""","""The result is 761.0.""","""The result is 763.01.""","""The result is 760.0.""","""The result is [DP]3.3155[/DP].""","""The result is [DP]468.4594[/DP].""","""The result is [DP]844.3915[/DP].""","""The result is [DP]114.8061[/DP].""","""The result is [DP]616.6585[/DP].""","""The result is [DP]357.0934[/DP]."""
234,How many hospitals have a quality of Unknown for Heart Attack?,0.7,"""The result is [DP]2506[/DP].""","""The result is 2508.45.""","""The result is 2506.0.""","""The result is 2506.44.""","""The result is 2510.0.""","""The result is [DP]999.9999[/DP].""","""The result is [DP]912.196[/DP].""","""The result is [DP]999.9985[/DP].""","""The result is [DP]1000.0[/DP].""","""The result is [DP]902.905[/DP].""","""The result is [DP]999.9998[/DP]."""
235,Which state has the highest average cost for Hip Knee?,1.6,"""MA""","""MA""","""MA""","""MA""","""MA""","""MA""","""MA""","""MA""","""MA""","""MA""","""MA"""
236,Which state has the highest average cost for Pneumonia?,1.6,"""NJ""","""NJ""","""NJ""","""NJ""","""NJ""","""NJ""","""NJ""","""NJ""","""NJ""","""NJ""","""NJ"""
237,Which state has the highest average cost for Pneumonia?,0.1,"""NJ""","""NJ""","""NJ""","""NJ""","""NJ""","""NJ""","""NJ""","""NJ""","""NJ""","""NJ""","""NJ"""
238,How many hospitals have a Effectiveness rating of None?,1.4,"""938""","""938""","""938""","""938""","""938""","""0.7122""","""nan""","""986.8184""","""0.0001""","""nan""","""688.4628"""
239,How many hospitals have a value of Unknown for Pneumonia?,0.6,"""The result is [DP]759[/DP].""","""The result is 759.31.""","""The result is 754.0.""","""The result is 756.13.""","""The result is 768.0.""","""The result is [DP]44.2312[/DP].""","""The result is [DP]665.6273[/DP].""","""The result is [DP]914.1211[/DP].""","""The result is [DP]0.0[/DP].""","""The result is [DP]nan[/DP].""","""The result is [DP]986.7866[/DP]."""
240,What is the average cost for Pneumonia procedures?,0.8,"""The result is [DP]14625.66[/DP].""","""The result is 14626.48.""","""The result is 14626.66.""","""The result is 14628.08.""","""The result is 14633.66.""","""The result is [DP]999.9965[/DP].""","""The result is [DP]818.9523[/DP].""","""The result is [DP]999.9998[/DP].""","""The result is [DP]999.9998[/DP].""","""The result is [DP]nan[/DP].""","""The result is [DP]999.9562[/DP]."""
241,Which state has the highest average cost for Heart Failure?,1.1,"""NJ""","""NJ""","""NJ""","""NJ""","""NJ""","""NJ""","""NJ""","""NJ""","""NJ""","""NJ""","""NJ"""
242,How many hospitals have a quality of Better for Pneumonia?,2.0,"""The result is [DP]219[/DP].""","""The result is 220.9.""","""The result is 219.0.""","""The result is 216.44.""","""The result is 216.0.""","""The result is [DP]797.1032[/DP].""","""The result is [DP]0.0[/DP].""","""The result is [DP]48.5396[/DP].""","""The result is [DP]10.0723[/DP].""","""The result is [DP]nan[/DP].""","""The result is [DP]551.9721[/DP]."""
243,How many hospitals have a Safety rating of Above?,1.6,"""The result is [DP]1185[/DP].""","""The result is 1184.24.""","""The result is 1185.0.""","""The result is 1185.14.""","""The result is 1188.0.""","""The result is [DP]1000.0[/DP].""","""The result is [DP]983.6936[/DP].""","""The result is [DP]999.9949[/DP].""","""The result is [DP]993.4275[/DP].""","""The result is [DP]nan[/DP].""","""The result is [DP]999.9997[/DP]."""
244,How many hospitals have a quality of Average for Heart Attack?,0.9,"""The result is [DP]2126[/DP].""","""The result is 2128.49.""","""The result is 2128.0.""","""The result is 2120.77.""","""The result is 2141.0.""","""The result is [DP]999.9966[/DP].""","""The result is [DP]nan[/DP].""","""The result is [DP]999.9994[/DP].""","""The result is [DP]1000.0[/DP].""","""The result is [DP]nan[/DP].""","""The result is [DP]999.9996[/DP]."""
245,How many hospitals have a Timeliness rating of None?,0.8,"""1013""","""1013""","""1013""","""1013""","""1013""","""999.9986""","""904.004""","""999.9912""","""1000.0""","""0.0""","""999.9997"""
246,Which state has the highest average cost for Heart Failure?,0.1,"""NJ""","""NJ""","""NJ""","""NJ""","""NJ""","""NJ""","""NJ""","""NJ""","""NJ""","""NJ""","""NJ"""
247,What is the average cost for Heart Failure procedures?,1.3,"""The result is [DP]12149.03[/DP].""","""The result is 12147.35.""","""The result is 12146.03.""","""The result is 12151.05.""","""The result is 12153.03.""","""The result is [DP]1000.0[/DP].""","""The result is [DP]0.0[/DP].""","""The result is [DP]999.9993[/DP].""","""The result is [DP]1000.0[/DP].""","""The result is [DP]0.0[/DP].""","""The result is [DP]1000.0[/DP]."""
248,How many hospitals are there in VT?,1.0,"""The result is [DP]14[/DP].""","""The result is 13.6.""","""The result is 17.0.""","""The result is 11.8.""","""The result is 8.0.""","""The result is [DP]0.0005[/DP].""","""The result is [DP]nan[/DP].""","""The result is [DP]44.4328[/DP].""","""The result is [DP]974.7963[/DP].""","""The result is [DP]nan[/DP].""","""The result is [DP]16.0903[/DP]."""
249,What is the average cost for Hip Knee procedures?,1.8,"""The result is [DP]12501.07[/DP].""","""The result is 12502.01.""","""The result is 12515.07.""","""The result is 12501.85.""","""The result is 12501.07.""","""The result is [DP]999.9985[/DP].""","""The result is [DP]nan[/DP].""","""The result is [DP]999.9989[/DP].""","""The result is [DP]1000.0[/DP].""","""The result is [DP]666.2147[/DP].""","""The result is [DP]999.9996[/DP]."""
